chemical_name,toxid,toxprofiles_id,toxfaqs_faqid,toxprofiles_url,toxfaqs_url
"1,1,1-Trichloroethane",76,432,431,https://wwwn.cdc.gov/TSP/ToxProfiles/ToxProfiles.aspx?id=432&tid=76,https://wwwn.cdc.gov/TSP/ToxFAQs/ToxFAQsDetails.aspx?faqid=431&toxid=76
"1,1,2,2-Tetrachloroethane",156,801,800,https://wwwn.cdc.gov/TSP/ToxProfiles/ToxProfiles.aspx?id=801&tid=156,https://wwwn.cdc.gov/TSP/ToxFAQs/ToxFAQsDetails.aspx?faqid=800&toxid=156
"1,1,2-Trichloroethane",155,796,795,https://wwwn.cdc.gov/TSP/ToxProfiles/ToxProfiles.aspx?id=796&tid=155,https://wwwn.cdc.gov/TSP/ToxFAQs/ToxFAQsDetails.aspx?faqid=795&toxid=155
"1,1-Dichloroethane",129,718,717,https://wwwn.cdc.gov/TSP/ToxProfiles/ToxProfiles.aspx?id=718&tid=129,https://wwwn.cdc.gov/TSP/ToxFAQs/ToxFAQsDetails.aspx?faqid=717&toxid=129
"1,1-Dichloroethene",130,722,721,https://wwwn.cdc.gov/TSP/ToxProfiles/ToxProfiles.aspx?id=722&tid=130,https://wwwn.cdc.gov/TSP/ToxFAQs/ToxFAQsDetails.aspx?faqid=721&toxid=130
"1,2,3-Trichloropropane",186,912,911,https://wwwn.cdc.gov/TSP/ToxProfiles/ToxProfiles.aspx?id=912&tid=186,https://wwwn.cdc.gov/TSP/ToxFAQs/ToxFAQsDetails.aspx?faqid=911&toxid=186
"1,2-Dibromo-3-Chloropropane",166,852,851,https://wwwn.cdc.gov/TSP/ToxProfiles/ToxProfiles.aspx?id=852&tid=166,https://wwwn.cdc.gov/TSP/ToxFAQs/ToxFAQsDetails.aspx?faqid=851&toxid=166
"1,2-Dibromoethane",131,726,725,https://wwwn.cdc.gov/TSP/ToxProfiles/ToxProfiles.aspx?id=726&tid=131,https://wwwn.cdc.gov/TSP/ToxFAQs/ToxFAQsDetails.aspx?faqid=725&toxid=131
"1,2-Dichloroethane",110,592,591,https://wwwn.cdc.gov/TSP/ToxProfiles/ToxProfiles.aspx?id=592&tid=110,https://wwwn.cdc.gov/TSP/ToxFAQs/ToxFAQsDetails.aspx?faqid=591&toxid=110
"1,2-Dichloroethene",82,464,463,https://wwwn.cdc.gov/TSP/ToxProfiles/ToxProfiles.aspx?id=464&tid=82,https://wwwn.cdc.gov/TSP/ToxFAQs/ToxFAQsDetails.aspx?faqid=463&toxid=82
"1,2-Dichloropropane",162,831,830,https://wwwn.cdc.gov/TSP/ToxProfiles/ToxProfiles.aspx?id=831&tid=162,https://wwwn.cdc.gov/TSP/ToxFAQs/ToxFAQsDetails.aspx?faqid=830&toxid=162
"1,2-Diphenylhydrazine",198,952,951,https://wwwn.cdc.gov/TSP/ToxProfiles/ToxProfiles.aspx?id=952&tid=198,https://wwwn.cdc.gov/TSP/ToxFAQs/ToxFAQsDetails.aspx?faqid=951&toxid=198
"1,3 Dinitrobenzene & 1,3,5 Trinitrobenzene",164,842,841,https://wwwn.cdc.gov/TSP/ToxProfiles/ToxProfiles.aspx?id=842&tid=164,https://wwwn.cdc.gov/TSP/ToxFAQs/ToxFAQsDetails.aspx?faqid=841&toxid=164
"1,3-Butadiene",81,459,458,https://wwwn.cdc.gov/TSP/ToxProfiles/ToxProfiles.aspx?id=459&tid=81,https://wwwn.cdc.gov/TSP/ToxFAQs/ToxFAQsDetails.aspx?faqid=458&toxid=81
"1,4-Dioxane",199,955,954,https://wwwn.cdc.gov/TSP/ToxProfiles/ToxProfiles.aspx?id=955&tid=199,https://wwwn.cdc.gov/TSP/ToxFAQs/ToxFAQsDetails.aspx?faqid=954&toxid=199
1-Bromopropane,285,1471,1473,https://wwwn.cdc.gov/TSP/ToxProfiles/ToxProfiles.aspx?id=1471&tid=285,https://wwwn.cdc.gov/TSP/ToxFAQs/ToxFAQsDetails.aspx?faqid=1473&toxid=285
"2,3-Benzofuran",187,915,914,https://wwwn.cdc.gov/TSP/ToxProfiles/ToxProfiles.aspx?id=915&tid=187,https://wwwn.cdc.gov/TSP/ToxFAQs/ToxFAQsDetails.aspx?faqid=914&toxid=187
"2,4,6-Trinitrotoluene (TNT)",125,677,676,https://wwwn.cdc.gov/TSP/ToxProfiles/ToxProfiles.aspx?id=677&tid=125,https://wwwn.cdc.gov/TSP/ToxFAQs/ToxFAQsDetails.aspx?faqid=676&toxid=125
"2,4-Dichlorophenoxyacetic Acid (2,4-D)",288,1481,1501,https://wwwn.cdc.gov/TSP/ToxProfiles/ToxProfiles.aspx?id=1481&tid=288,https://wwwn.cdc.gov/TSP/ToxFAQs/ToxFAQsDetails.aspx?faqid=1501&toxid=288
2-Butanone,60,343,342,https://wwwn.cdc.gov/TSP/ToxProfiles/ToxProfiles.aspx?id=343&tid=60,https://wwwn.cdc.gov/TSP/ToxFAQs/ToxFAQsDetails.aspx?faqid=342&toxid=60
2-Butoxyethanol and 2-Butoxyethanol Acetate,61,347,346,https://wwwn.cdc.gov/TSP/ToxProfiles/ToxProfiles.aspx?id=347&tid=61,https://wwwn.cdc.gov/TSP/ToxFAQs/ToxFAQsDetails.aspx?faqid=346&toxid=61
2-Hexanone,134,738,737,https://wwwn.cdc.gov/TSP/ToxProfiles/ToxProfiles.aspx?id=738&tid=134,https://wwwn.cdc.gov/TSP/ToxFAQs/ToxFAQsDetails.aspx?faqid=737&toxid=134
"3,3′-Dichlorobenzidine",200,959,958,https://wwwn.cdc.gov/TSP/ToxProfiles/ToxProfiles.aspx?id=959&tid=200,https://wwwn.cdc.gov/TSP/ToxFAQs/ToxFAQsDetails.aspx?faqid=958&toxid=200
"4,4′-Methylenebis(2-Chloroaniline) (MBOCA)",209,997,996,https://wwwn.cdc.gov/TSP/ToxProfiles/ToxProfiles.aspx?id=997&tid=209,https://wwwn.cdc.gov/TSP/ToxFAQs/ToxFAQsDetails.aspx?faqid=996&toxid=209
"4,4′-Methylenedianiline",210,1001,1000,https://wwwn.cdc.gov/TSP/ToxProfiles/ToxProfiles.aspx?id=1001&tid=210,https://wwwn.cdc.gov/TSP/ToxFAQs/ToxFAQsDetails.aspx?faqid=1000&toxid=210
Acetone,1,5,4,https://wwwn.cdc.gov/TSP/ToxProfiles/ToxProfiles.aspx?id=5&tid=1,https://wwwn.cdc.gov/TSP/ToxFAQs/ToxFAQsDetails.aspx?faqid=4&toxid=1
Acrolein,102,557,555,https://wwwn.cdc.gov/TSP/ToxProfiles/ToxProfiles.aspx?id=557&tid=102,https://wwwn.cdc.gov/TSP/ToxFAQs/ToxFAQsDetails.aspx?faqid=555&toxid=102
Acrylamide,236,1112,1162,https://wwwn.cdc.gov/TSP/ToxProfiles/ToxProfiles.aspx?id=1112&tid=236,https://wwwn.cdc.gov/TSP/ToxFAQs/ToxFAQsDetails.aspx?faqid=1162&toxid=236
Acrylonitrile,78,447,446,https://wwwn.cdc.gov/TSP/ToxProfiles/ToxProfiles.aspx?id=447&tid=78,https://wwwn.cdc.gov/TSP/ToxFAQs/ToxFAQsDetails.aspx?faqid=446&toxid=78
Aldrin and Dieldrin,56,317,316,https://wwwn.cdc.gov/TSP/ToxProfiles/ToxProfiles.aspx?id=317&tid=56,https://wwwn.cdc.gov/TSP/ToxFAQs/ToxFAQsDetails.aspx?faqid=316&toxid=56
Aluminum,34,191,190,https://wwwn.cdc.gov/TSP/ToxProfiles/ToxProfiles.aspx?id=191&tid=34,https://wwwn.cdc.gov/TSP/ToxFAQs/ToxFAQsDetails.aspx?faqid=190&toxid=34
Americium,158,811,810,https://wwwn.cdc.gov/TSP/ToxProfiles/ToxProfiles.aspx?id=811&tid=158,https://wwwn.cdc.gov/TSP/ToxFAQs/ToxFAQsDetails.aspx?faqid=810&toxid=158
Ammonia,2,11,10,https://wwwn.cdc.gov/TSP/ToxProfiles/ToxProfiles.aspx?id=11&tid=2,https://wwwn.cdc.gov/TSP/ToxFAQs/ToxFAQsDetails.aspx?faqid=10&toxid=2
Aniline,79,,449,,https://wwwn.cdc.gov/TSP/ToxFAQs/ToxFAQsDetails.aspx?faqid=449&toxid=79
Antimony,58,332,331,https://wwwn.cdc.gov/TSP/ToxProfiles/ToxProfiles.aspx?id=332&tid=58,https://wwwn.cdc.gov/TSP/ToxFAQs/ToxFAQsDetails.aspx?faqid=331&toxid=58
Arsenic,3,22,19,https://wwwn.cdc.gov/TSP/ToxProfiles/ToxProfiles.aspx?id=22&tid=3,https://wwwn.cdc.gov/TSP/ToxFAQs/ToxFAQsDetails.aspx?faqid=19&toxid=3
Asbestos,4,30,29,https://wwwn.cdc.gov/TSP/ToxProfiles/ToxProfiles.aspx?id=30&tid=4,https://wwwn.cdc.gov/TSP/ToxFAQs/ToxFAQsDetails.aspx?faqid=29&toxid=4
Atrazine,59,338,854,https://wwwn.cdc.gov/TSP/ToxProfiles/ToxProfiles.aspx?id=338&tid=59,https://wwwn.cdc.gov/TSP/ToxFAQs/ToxFAQsDetails.aspx?faqid=854&toxid=59
Barium,57,327,326,https://wwwn.cdc.gov/TSP/ToxProfiles/ToxProfiles.aspx?id=327&tid=57,https://wwwn.cdc.gov/TSP/ToxFAQs/ToxFAQsDetails.aspx?faqid=326&toxid=57
Benzene,14,40,38,https://wwwn.cdc.gov/TSP/ToxProfiles/ToxProfiles.aspx?id=40&tid=14,https://wwwn.cdc.gov/TSP/ToxFAQs/ToxFAQsDetails.aspx?faqid=38&toxid=14
Benzidine,105,569,568,https://wwwn.cdc.gov/TSP/ToxProfiles/ToxProfiles.aspx?id=569&tid=105,https://wwwn.cdc.gov/TSP/ToxFAQs/ToxFAQsDetails.aspx?faqid=568&toxid=105
Beryllium,33,1441,184,https://wwwn.cdc.gov/TSP/ToxProfiles/ToxProfiles.aspx?id=1441&tid=33,https://wwwn.cdc.gov/TSP/ToxFAQs/ToxFAQsDetails.aspx?faqid=184&toxid=33
Bis(2-chloroethyl) Ether,159,817,816,https://wwwn.cdc.gov/TSP/ToxProfiles/ToxProfiles.aspx?id=817&tid=159,https://wwwn.cdc.gov/TSP/ToxFAQs/ToxFAQsDetails.aspx?faqid=816&toxid=159
Bis(chloromethyl) Ether,188,919,918,https://wwwn.cdc.gov/TSP/ToxProfiles/ToxProfiles.aspx?id=919&tid=188,https://wwwn.cdc.gov/TSP/ToxFAQs/ToxFAQsDetails.aspx?faqid=918&toxid=188
Blister Agents HN-1HN-2HN-3 Nitrogen Mustards,189,,921,,https://wwwn.cdc.gov/TSP/ToxFAQs/ToxFAQsDetails.aspx?faqid=921&toxid=189
"Blister Agents: Lewisite (L), Mustard-Lewisite Mixture (HL)",190,,923,,https://wwwn.cdc.gov/TSP/ToxFAQs/ToxFAQsDetails.aspx?faqid=923&toxid=190
"Blister Agents: Sulfur Mustard Agent H/HD, Sulfur Mustard Agent HT",191,,926,,https://wwwn.cdc.gov/TSP/ToxFAQs/ToxFAQsDetails.aspx?faqid=926&toxid=191
Boron,80,453,452,https://wwwn.cdc.gov/TSP/ToxProfiles/ToxProfiles.aspx?id=453&tid=80,https://wwwn.cdc.gov/TSP/ToxFAQs/ToxFAQsDetails.aspx?faqid=452&toxid=80
Bromodichloromethane,127,708,707,https://wwwn.cdc.gov/TSP/ToxProfiles/ToxProfiles.aspx?id=708&tid=127,https://wwwn.cdc.gov/TSP/ToxFAQs/ToxFAQsDetails.aspx?faqid=707&toxid=127
Bromoform & Dibromochloromethane,128,713,712,https://wwwn.cdc.gov/TSP/ToxProfiles/ToxProfiles.aspx?id=713&tid=128,https://wwwn.cdc.gov/TSP/ToxFAQs/ToxFAQsDetails.aspx?faqid=712&toxid=128
Bromomethane,160,822,821,https://wwwn.cdc.gov/TSP/ToxProfiles/ToxProfiles.aspx?id=822&tid=160,https://wwwn.cdc.gov/TSP/ToxFAQs/ToxFAQsDetails.aspx?faqid=821&toxid=160
Cadmium,15,48,47,https://wwwn.cdc.gov/TSP/ToxProfiles/ToxProfiles.aspx?id=48&tid=15,https://wwwn.cdc.gov/TSP/ToxFAQs/ToxFAQsDetails.aspx?faqid=47&toxid=15
Calcium Hypochlorite/Sodium Hypochlorite,192,,928,,https://wwwn.cdc.gov/TSP/ToxFAQs/ToxFAQsDetails.aspx?faqid=928&toxid=192
Carbon Disulfide,84,474,473,https://wwwn.cdc.gov/TSP/ToxProfiles/ToxProfiles.aspx?id=474&tid=84,https://wwwn.cdc.gov/TSP/ToxFAQs/ToxFAQsDetails.aspx?faqid=473&toxid=84
Carbon Monoxide,253,1145,1163,https://wwwn.cdc.gov/TSP/ToxProfiles/ToxProfiles.aspx?id=1145&tid=253,https://wwwn.cdc.gov/TSP/ToxFAQs/ToxFAQsDetails.aspx?faqid=1163&toxid=253
Carbon Tetrachloride,35,196,195,https://wwwn.cdc.gov/TSP/ToxProfiles/ToxProfiles.aspx?id=196&tid=35,https://wwwn.cdc.gov/TSP/ToxFAQs/ToxFAQsDetails.aspx?faqid=195&toxid=35
Cesium,107,578,576,https://wwwn.cdc.gov/TSP/ToxProfiles/ToxProfiles.aspx?id=578&tid=107,https://wwwn.cdc.gov/TSP/ToxFAQs/ToxFAQsDetails.aspx?faqid=576&toxid=107
Chlordane,62,355,354,https://wwwn.cdc.gov/TSP/ToxProfiles/ToxProfiles.aspx?id=355&tid=62,https://wwwn.cdc.gov/TSP/ToxFAQs/ToxFAQsDetails.aspx?faqid=354&toxid=62
Chlordecone,276,1190,1188,https://wwwn.cdc.gov/TSP/ToxProfiles/ToxProfiles.aspx?id=1190&tid=276,https://wwwn.cdc.gov/TSP/ToxFAQs/ToxFAQsDetails.aspx?faqid=1188&toxid=276
Chlordecone,118,,642,,https://wwwn.cdc.gov/TSP/ToxFAQs/ToxFAQsDetails.aspx?faqid=642&toxid=118
Chlorfenvinphos,193,932,931,https://wwwn.cdc.gov/TSP/ToxProfiles/ToxProfiles.aspx?id=932&tid=193,https://wwwn.cdc.gov/TSP/ToxFAQs/ToxFAQsDetails.aspx?faqid=931&toxid=193
Chlorinated Dibenzo-p-dioxins (CDDs),63,366,363,https://wwwn.cdc.gov/TSP/ToxProfiles/ToxProfiles.aspx?id=366&tid=63,https://wwwn.cdc.gov/TSP/ToxFAQs/ToxFAQsDetails.aspx?faqid=363&toxid=63
Chlorine,36,1079,200,https://wwwn.cdc.gov/TSP/ToxProfiles/ToxProfiles.aspx?id=1079&tid=36,https://wwwn.cdc.gov/TSP/ToxFAQs/ToxFAQsDetails.aspx?faqid=200&toxid=36
Chlorine Dioxide & Chlorite,108,582,581,https://wwwn.cdc.gov/TSP/ToxProfiles/ToxProfiles.aspx?id=582&tid=108,https://wwwn.cdc.gov/TSP/ToxFAQs/ToxFAQsDetails.aspx?faqid=581&toxid=108
Chlorobenzene,87,489,488,https://wwwn.cdc.gov/TSP/ToxProfiles/ToxProfiles.aspx?id=489&tid=87,https://wwwn.cdc.gov/TSP/ToxFAQs/ToxFAQsDetails.aspx?faqid=488&toxid=87
Chlorodibenzofurans (CDFs),194,938,937,https://wwwn.cdc.gov/TSP/ToxProfiles/ToxProfiles.aspx?id=938&tid=194,https://wwwn.cdc.gov/TSP/ToxFAQs/ToxFAQsDetails.aspx?faqid=937&toxid=194
Chloroethane,161,827,826,https://wwwn.cdc.gov/TSP/ToxProfiles/ToxProfiles.aspx?id=827&tid=161,https://wwwn.cdc.gov/TSP/ToxFAQs/ToxFAQsDetails.aspx?faqid=826&toxid=161
Chloroform,16,53,52,https://wwwn.cdc.gov/TSP/ToxProfiles/ToxProfiles.aspx?id=53&tid=16,https://wwwn.cdc.gov/TSP/ToxFAQs/ToxFAQsDetails.aspx?faqid=52&toxid=16
Chloromethane,109,587,586,https://wwwn.cdc.gov/TSP/ToxProfiles/ToxProfiles.aspx?id=587&tid=109,https://wwwn.cdc.gov/TSP/ToxFAQs/ToxFAQsDetails.aspx?faqid=586&toxid=109
Chlorophenols,195,941,940,https://wwwn.cdc.gov/TSP/ToxProfiles/ToxProfiles.aspx?id=941&tid=195,https://wwwn.cdc.gov/TSP/ToxFAQs/ToxFAQsDetails.aspx?faqid=940&toxid=195
Chlorpyrifos,88,495,494,https://wwwn.cdc.gov/TSP/ToxProfiles/ToxProfiles.aspx?id=495&tid=88,https://wwwn.cdc.gov/TSP/ToxFAQs/ToxFAQsDetails.aspx?faqid=494&toxid=88
Chromium,17,62,61,https://wwwn.cdc.gov/TSP/ToxProfiles/ToxProfiles.aspx?id=62&tid=17,https://wwwn.cdc.gov/TSP/ToxFAQs/ToxFAQsDetails.aspx?faqid=61&toxid=17
Cobalt,64,373,372,https://wwwn.cdc.gov/TSP/ToxProfiles/ToxProfiles.aspx?id=373&tid=64,https://wwwn.cdc.gov/TSP/ToxFAQs/ToxFAQsDetails.aspx?faqid=372&toxid=64
Copper,37,206,205,https://wwwn.cdc.gov/TSP/ToxProfiles/ToxProfiles.aspx?id=206&tid=37,https://wwwn.cdc.gov/TSP/ToxFAQs/ToxFAQsDetails.aspx?faqid=205&toxid=37
Creosote,18,66,65,https://wwwn.cdc.gov/TSP/ToxProfiles/ToxProfiles.aspx?id=66&tid=18,https://wwwn.cdc.gov/TSP/ToxFAQs/ToxFAQsDetails.aspx?faqid=65&toxid=18
Cresols,196,946,945,https://wwwn.cdc.gov/TSP/ToxProfiles/ToxProfiles.aspx?id=946&tid=196,https://wwwn.cdc.gov/TSP/ToxFAQs/ToxFAQsDetails.aspx?faqid=945&toxid=196
Crotonaldehyde,197,,948,,https://wwwn.cdc.gov/TSP/ToxFAQs/ToxFAQsDetails.aspx?faqid=948&toxid=197
Cyanide,19,72,71,https://wwwn.cdc.gov/TSP/ToxProfiles/ToxProfiles.aspx?id=72&tid=19,https://wwwn.cdc.gov/TSP/ToxFAQs/ToxFAQsDetails.aspx?faqid=71&toxid=19
"DDT, DDE, DDD",20,81,80,https://wwwn.cdc.gov/TSP/ToxProfiles/ToxProfiles.aspx?id=81&tid=20,https://wwwn.cdc.gov/TSP/ToxFAQs/ToxFAQsDetails.aspx?faqid=80&toxid=20
"DEET (N,N-diethyl-meta-toluamide)",201,1451,1035,https://wwwn.cdc.gov/TSP/ToxProfiles/ToxProfiles.aspx?id=1451&tid=201,https://wwwn.cdc.gov/TSP/ToxFAQs/ToxFAQsDetails.aspx?faqid=1035&toxid=201
Di(2-ethylhexyl)phthalate (DEHP),65,684,377,https://wwwn.cdc.gov/TSP/ToxProfiles/ToxProfiles.aspx?id=684&tid=65,https://wwwn.cdc.gov/TSP/ToxFAQs/ToxFAQsDetails.aspx?faqid=377&toxid=65
Di-n-butyl Phthalate,167,859,858,https://wwwn.cdc.gov/TSP/ToxProfiles/ToxProfiles.aspx?id=859&tid=167,https://wwwn.cdc.gov/TSP/ToxFAQs/ToxFAQsDetails.aspx?faqid=858&toxid=167
Di-n-octylphthalate (DNOP),204,973,972,https://wwwn.cdc.gov/TSP/ToxProfiles/ToxProfiles.aspx?id=973&tid=204,https://wwwn.cdc.gov/TSP/ToxFAQs/ToxFAQsDetails.aspx?faqid=972&toxid=204
Diazinon,90,512,506,https://wwwn.cdc.gov/TSP/ToxProfiles/ToxProfiles.aspx?id=512&tid=90,https://wwwn.cdc.gov/TSP/ToxFAQs/ToxFAQsDetails.aspx?faqid=506&toxid=90
Diborane,202,,965,,https://wwwn.cdc.gov/TSP/ToxFAQs/ToxFAQsDetails.aspx?faqid=965&toxid=202
Dichlorobenzenes,126,704,703,https://wwwn.cdc.gov/TSP/ToxProfiles/ToxProfiles.aspx?id=704&tid=126,https://wwwn.cdc.gov/TSP/ToxFAQs/ToxFAQsDetails.aspx?faqid=703&toxid=126
Dichloropropenes,163,836,835,https://wwwn.cdc.gov/TSP/ToxProfiles/ToxProfiles.aspx?id=836&tid=163,https://wwwn.cdc.gov/TSP/ToxFAQs/ToxFAQsDetails.aspx?faqid=835&toxid=163
Dichlorvos,111,597,596,https://wwwn.cdc.gov/TSP/ToxProfiles/ToxProfiles.aspx?id=597&tid=111,https://wwwn.cdc.gov/TSP/ToxFAQs/ToxFAQsDetails.aspx?faqid=596&toxid=111
Diethyl phthalate,112,603,602,https://wwwn.cdc.gov/TSP/ToxProfiles/ToxProfiles.aspx?id=603&tid=112,https://wwwn.cdc.gov/TSP/ToxFAQs/ToxFAQsDetails.aspx?faqid=602&toxid=112
Diisopropyl Methylphosphonate (DIMP),203,969,968,https://wwwn.cdc.gov/TSP/ToxProfiles/ToxProfiles.aspx?id=969&tid=203,https://wwwn.cdc.gov/TSP/ToxFAQs/ToxFAQsDetails.aspx?faqid=968&toxid=203
Dinitrocresols,218,1025,1024,https://wwwn.cdc.gov/TSP/ToxProfiles/ToxProfiles.aspx?id=1025&tid=218,https://wwwn.cdc.gov/TSP/ToxFAQs/ToxFAQsDetails.aspx?faqid=1024&toxid=218
Dinitrophenols,132,729,728,https://wwwn.cdc.gov/TSP/ToxProfiles/ToxProfiles.aspx?id=729&tid=132,https://wwwn.cdc.gov/TSP/ToxFAQs/ToxFAQsDetails.aspx?faqid=728&toxid=132
Dinitrotoluenes,165,847,846,https://wwwn.cdc.gov/TSP/ToxProfiles/ToxProfiles.aspx?id=847&tid=165,https://wwwn.cdc.gov/TSP/ToxFAQs/ToxFAQsDetails.aspx?faqid=846&toxid=165
Disulfoton,205,978,977,https://wwwn.cdc.gov/TSP/ToxProfiles/ToxProfiles.aspx?id=978&tid=205,https://wwwn.cdc.gov/TSP/ToxFAQs/ToxFAQsDetails.aspx?faqid=977&toxid=205
Endosulfan,113,609,608,https://wwwn.cdc.gov/TSP/ToxProfiles/ToxProfiles.aspx?id=609&tid=113,https://wwwn.cdc.gov/TSP/ToxFAQs/ToxFAQsDetails.aspx?faqid=608&toxid=113
Endrin (Endrin aldehyde),114,617,616,https://wwwn.cdc.gov/TSP/ToxProfiles/ToxProfiles.aspx?id=617&tid=114,https://wwwn.cdc.gov/TSP/ToxFAQs/ToxFAQsDetails.aspx?faqid=616&toxid=114
Ethion,206,983,982,https://wwwn.cdc.gov/TSP/ToxProfiles/ToxProfiles.aspx?id=983&tid=206,https://wwwn.cdc.gov/TSP/ToxFAQs/ToxFAQsDetails.aspx?faqid=982&toxid=206
Ethylbenzene,66,383,382,https://wwwn.cdc.gov/TSP/ToxProfiles/ToxProfiles.aspx?id=383&tid=66,https://wwwn.cdc.gov/TSP/ToxFAQs/ToxFAQsDetails.aspx?faqid=382&toxid=66
Ethylene Glycol,21,86,85,https://wwwn.cdc.gov/TSP/ToxProfiles/ToxProfiles.aspx?id=86&tid=21,https://wwwn.cdc.gov/TSP/ToxFAQs/ToxFAQsDetails.aspx?faqid=85&toxid=21
Ethylene Oxide,133,734,733,https://wwwn.cdc.gov/TSP/ToxProfiles/ToxProfiles.aspx?id=734&tid=133,https://wwwn.cdc.gov/TSP/ToxFAQs/ToxFAQsDetails.aspx?faqid=733&toxid=133
"Fluorides, Hydrogen Fluoride, and Fluorine",38,212,211,https://wwwn.cdc.gov/TSP/ToxProfiles/ToxProfiles.aspx?id=212&tid=38,https://wwwn.cdc.gov/TSP/ToxFAQs/ToxFAQsDetails.aspx?faqid=211&toxid=38
Formaldehyde,39,220,219,https://wwwn.cdc.gov/TSP/ToxProfiles/ToxProfiles.aspx?id=220&tid=39,https://wwwn.cdc.gov/TSP/ToxFAQs/ToxFAQsDetails.aspx?faqid=219&toxid=39
Fuel Oils / Kerosene,91,516,515,https://wwwn.cdc.gov/TSP/ToxProfiles/ToxProfiles.aspx?id=516&tid=91,https://wwwn.cdc.gov/TSP/ToxFAQs/ToxFAQsDetails.aspx?faqid=515&toxid=91
"Gasoline, Automotive",83,468,467,https://wwwn.cdc.gov/TSP/ToxProfiles/ToxProfiles.aspx?id=468&tid=83,https://wwwn.cdc.gov/TSP/ToxFAQs/ToxFAQsDetails.aspx?faqid=467&toxid=83
Glutaraldehyde,284,1467,1469,https://wwwn.cdc.gov/TSP/ToxProfiles/ToxProfiles.aspx?id=1467&tid=284,https://wwwn.cdc.gov/TSP/ToxFAQs/ToxFAQsDetails.aspx?faqid=1469&toxid=284
Glyphosate,293,1488,1489,https://wwwn.cdc.gov/TSP/ToxProfiles/ToxProfiles.aspx?id=1488&tid=293,https://wwwn.cdc.gov/TSP/ToxFAQs/ToxFAQsDetails.aspx?faqid=1489&toxid=293
Guthion,207,1037,987,https://wwwn.cdc.gov/TSP/ToxProfiles/ToxProfiles.aspx?id=1037&tid=207,https://wwwn.cdc.gov/TSP/ToxFAQs/ToxFAQsDetails.aspx?faqid=987&toxid=207
Heptachlor/Heptachlor Epoxide,135,746,744,https://wwwn.cdc.gov/TSP/ToxProfiles/ToxProfiles.aspx?id=746&tid=135,https://wwwn.cdc.gov/TSP/ToxFAQs/ToxFAQsDetails.aspx?faqid=744&toxid=135
Hexachlorobenzene,115,627,626,https://wwwn.cdc.gov/TSP/ToxProfiles/ToxProfiles.aspx?id=627&tid=115,https://wwwn.cdc.gov/TSP/ToxFAQs/ToxFAQsDetails.aspx?faqid=626&toxid=115
Hexachlorobutadiene,168,865,864,https://wwwn.cdc.gov/TSP/ToxProfiles/ToxProfiles.aspx?id=865&tid=168,https://wwwn.cdc.gov/TSP/ToxFAQs/ToxFAQsDetails.aspx?faqid=864&toxid=168
Hexachlorocyclohexane (HCH),138,754,753,https://wwwn.cdc.gov/TSP/ToxProfiles/ToxProfiles.aspx?id=754&tid=138,https://wwwn.cdc.gov/TSP/ToxFAQs/ToxFAQsDetails.aspx?faqid=753&toxid=138
Hexachlorocyclopentadiene (HCCPD),208,992,991,https://wwwn.cdc.gov/TSP/ToxProfiles/ToxProfiles.aspx?id=992&tid=208,https://wwwn.cdc.gov/TSP/ToxFAQs/ToxFAQsDetails.aspx?faqid=991&toxid=208
Hexachloroethane,169,870,869,https://wwwn.cdc.gov/TSP/ToxProfiles/ToxProfiles.aspx?id=870&tid=169,https://wwwn.cdc.gov/TSP/ToxFAQs/ToxFAQsDetails.aspx?faqid=869&toxid=169
Hexamethylene Diisocyanate (HDI),170,874,873,https://wwwn.cdc.gov/TSP/ToxProfiles/ToxProfiles.aspx?id=874&tid=170,https://wwwn.cdc.gov/TSP/ToxFAQs/ToxFAQsDetails.aspx?faqid=873&toxid=170
HMX (Octogen),171,877,876,https://wwwn.cdc.gov/TSP/ToxProfiles/ToxProfiles.aspx?id=877&tid=171,https://wwwn.cdc.gov/TSP/ToxFAQs/ToxFAQsDetails.aspx?faqid=876&toxid=171
Hydraulic Fluids,141,757,756,https://wwwn.cdc.gov/TSP/ToxProfiles/ToxProfiles.aspx?id=757&tid=141,https://wwwn.cdc.gov/TSP/ToxFAQs/ToxFAQsDetails.aspx?faqid=756&toxid=141
Hydrazines,89,502,500,https://wwwn.cdc.gov/TSP/ToxProfiles/ToxProfiles.aspx?id=502&tid=89,https://wwwn.cdc.gov/TSP/ToxFAQs/ToxFAQsDetails.aspx?faqid=500&toxid=89
Hydrogen Chloride,147,,759,,https://wwwn.cdc.gov/TSP/ToxFAQs/ToxFAQsDetails.aspx?faqid=759&toxid=147
Hydrogen Peroxide,55,,305,,https://wwwn.cdc.gov/TSP/ToxFAQs/ToxFAQsDetails.aspx?faqid=305&toxid=55
Hydrogen Sulfide Carbonyl Sulfide,67,389,1429,https://wwwn.cdc.gov/TSP/ToxProfiles/ToxProfiles.aspx?id=389&tid=67,https://wwwn.cdc.gov/TSP/ToxFAQs/ToxFAQsDetails.aspx?faqid=1429&toxid=67
Iodine,85,479,478,https://wwwn.cdc.gov/TSP/ToxProfiles/ToxProfiles.aspx?id=479&tid=85,https://wwwn.cdc.gov/TSP/ToxFAQs/ToxFAQsDetails.aspx?faqid=478&toxid=85
Ionizing Radiation,86,484,483,https://wwwn.cdc.gov/TSP/ToxProfiles/ToxProfiles.aspx?id=484&tid=86,https://wwwn.cdc.gov/TSP/ToxFAQs/ToxFAQsDetails.aspx?faqid=483&toxid=86
Isophorone,148,763,762,https://wwwn.cdc.gov/TSP/ToxProfiles/ToxProfiles.aspx?id=763&tid=148,https://wwwn.cdc.gov/TSP/ToxFAQs/ToxFAQsDetails.aspx?faqid=762&toxid=148
Jet Fuels JP-4 and JP-7,149,768,767,https://wwwn.cdc.gov/TSP/ToxProfiles/ToxProfiles.aspx?id=768&tid=149,https://wwwn.cdc.gov/TSP/ToxFAQs/ToxFAQsDetails.aspx?faqid=767&toxid=149
"JP-5, JP-8, and Jet A",150,773,772,https://wwwn.cdc.gov/TSP/ToxProfiles/ToxProfiles.aspx?id=773&tid=150,https://wwwn.cdc.gov/TSP/ToxFAQs/ToxFAQsDetails.aspx?faqid=772&toxid=150
Lead,22,96,93,https://wwwn.cdc.gov/TSP/ToxProfiles/ToxProfiles.aspx?id=96&tid=22,https://wwwn.cdc.gov/TSP/ToxFAQs/ToxFAQsDetails.aspx?faqid=93&toxid=22
Malathion,92,522,521,https://wwwn.cdc.gov/TSP/ToxProfiles/ToxProfiles.aspx?id=522&tid=92,https://wwwn.cdc.gov/TSP/ToxFAQs/ToxFAQsDetails.aspx?faqid=521&toxid=92
Manganese,23,102,101,https://wwwn.cdc.gov/TSP/ToxProfiles/ToxProfiles.aspx?id=102&tid=23,https://wwwn.cdc.gov/TSP/ToxFAQs/ToxFAQsDetails.aspx?faqid=101&toxid=23
Mercury,24,115,1195,https://wwwn.cdc.gov/TSP/ToxProfiles/ToxProfiles.aspx?id=115&tid=24,https://wwwn.cdc.gov/TSP/ToxFAQs/ToxFAQsDetails.aspx?faqid=1195&toxid=24
Methoxychlor,151,778,777,https://wwwn.cdc.gov/TSP/ToxProfiles/ToxProfiles.aspx?id=778&tid=151,https://wwwn.cdc.gov/TSP/ToxFAQs/ToxFAQsDetails.aspx?faqid=777&toxid=151
Methyl Isocyanate,116,,629,,https://wwwn.cdc.gov/TSP/ToxFAQs/ToxFAQsDetails.aspx?faqid=629&toxid=116
Methyl Mercaptan,40,224,223,https://wwwn.cdc.gov/TSP/ToxProfiles/ToxProfiles.aspx?id=224&tid=40,https://wwwn.cdc.gov/TSP/ToxFAQs/ToxFAQsDetails.aspx?faqid=223&toxid=40
Methyl Parathion,117,636,635,https://wwwn.cdc.gov/TSP/ToxProfiles/ToxProfiles.aspx?id=636&tid=117,https://wwwn.cdc.gov/TSP/ToxFAQs/ToxFAQsDetails.aspx?faqid=635&toxid=117
Methyl tert-Butyl Ether (MTBE),41,228,227,https://wwwn.cdc.gov/TSP/ToxProfiles/ToxProfiles.aspx?id=228&tid=41,https://wwwn.cdc.gov/TSP/ToxFAQs/ToxFAQsDetails.aspx?faqid=227&toxid=41
Methylene Chloride,42,234,233,https://wwwn.cdc.gov/TSP/ToxProfiles/ToxProfiles.aspx?id=234&tid=42,https://wwwn.cdc.gov/TSP/ToxFAQs/ToxFAQsDetails.aspx?faqid=233&toxid=42
Mirex and Chlordecone,276,1190,1188,https://wwwn.cdc.gov/TSP/ToxProfiles/ToxProfiles.aspx?id=1190&tid=276,https://wwwn.cdc.gov/TSP/ToxFAQs/ToxFAQsDetails.aspx?faqid=1188&toxid=276
Molybdenum,289,1482,1499,https://wwwn.cdc.gov/TSP/ToxProfiles/ToxProfiles.aspx?id=1482&tid=289,https://wwwn.cdc.gov/TSP/ToxFAQs/ToxFAQsDetails.aspx?faqid=1499&toxid=289
n-Hexane,68,393,392,https://wwwn.cdc.gov/TSP/ToxProfiles/ToxProfiles.aspx?id=393&tid=68,https://wwwn.cdc.gov/TSP/ToxFAQs/ToxFAQsDetails.aspx?faqid=392&toxid=68
n-Nitrosodi-n-propylamine,211,1005,1004,https://wwwn.cdc.gov/TSP/ToxProfiles/ToxProfiles.aspx?id=1005&tid=211,https://wwwn.cdc.gov/TSP/ToxFAQs/ToxFAQsDetails.aspx?faqid=1004&toxid=211
N-Nitrosodimethylamine (NDMA),173,884,883,https://wwwn.cdc.gov/TSP/ToxProfiles/ToxProfiles.aspx?id=884&tid=173,https://wwwn.cdc.gov/TSP/ToxFAQs/ToxFAQsDetails.aspx?faqid=883&toxid=173
n-Nitrosodiphenylamine,212,1009,1008,https://wwwn.cdc.gov/TSP/ToxProfiles/ToxProfiles.aspx?id=1009&tid=212,https://wwwn.cdc.gov/TSP/ToxFAQs/ToxFAQsDetails.aspx?faqid=1008&toxid=212
"Naphthalene, 1-Methylnapthalene, 2-Methylnapthalene",43,240,239,https://wwwn.cdc.gov/TSP/ToxProfiles/ToxProfiles.aspx?id=240&tid=43,https://wwwn.cdc.gov/TSP/ToxFAQs/ToxFAQsDetails.aspx?faqid=239&toxid=43
"Nerve Agents (GA, GB, GD, VX)",93,,524,,https://wwwn.cdc.gov/TSP/ToxFAQs/ToxFAQsDetails.aspx?faqid=524&toxid=93
Nickel,44,245,244,https://wwwn.cdc.gov/TSP/ToxProfiles/ToxProfiles.aspx?id=245&tid=44,https://wwwn.cdc.gov/TSP/ToxFAQs/ToxFAQsDetails.aspx?faqid=244&toxid=44
Nitrate and Nitrite,258,1452,1186,https://wwwn.cdc.gov/TSP/ToxProfiles/ToxProfiles.aspx?id=1452&tid=258,https://wwwn.cdc.gov/TSP/ToxFAQs/ToxFAQsDetails.aspx?faqid=1186&toxid=258
Nitrobenzene,95,532,531,https://wwwn.cdc.gov/TSP/ToxProfiles/ToxProfiles.aspx?id=532&tid=95,https://wwwn.cdc.gov/TSP/ToxFAQs/ToxFAQsDetails.aspx?faqid=531&toxid=95
Nitrogen Oxides,69,,396,,https://wwwn.cdc.gov/TSP/ToxFAQs/ToxFAQsDetails.aspx?faqid=396&toxid=69
Nitrophenols,172,880,879,https://wwwn.cdc.gov/TSP/ToxProfiles/ToxProfiles.aspx?id=880&tid=172,https://wwwn.cdc.gov/TSP/ToxFAQs/ToxFAQsDetails.aspx?faqid=879&toxid=172
Otto Fuel II and its Components,152,781,780,https://wwwn.cdc.gov/TSP/ToxProfiles/ToxProfiles.aspx?id=781&tid=152,https://wwwn.cdc.gov/TSP/ToxFAQs/ToxFAQsDetails.aspx?faqid=780&toxid=152
Parathion,246,1425,1426,https://wwwn.cdc.gov/TSP/ToxProfiles/ToxProfiles.aspx?id=1425&tid=246,https://wwwn.cdc.gov/TSP/ToxFAQs/ToxFAQsDetails.aspx?faqid=1426&toxid=246
Pentachlorophenol,70,402,401,https://wwwn.cdc.gov/TSP/ToxProfiles/ToxProfiles.aspx?id=402&tid=70,https://wwwn.cdc.gov/TSP/ToxFAQs/ToxFAQsDetails.aspx?faqid=401&toxid=70
Perchlorates,181,895,893,https://wwwn.cdc.gov/TSP/ToxProfiles/ToxProfiles.aspx?id=895&tid=181,https://wwwn.cdc.gov/TSP/ToxFAQs/ToxFAQsDetails.aspx?faqid=893&toxid=181
Perfluoroalkyls,237,1117,1116,https://wwwn.cdc.gov/TSP/ToxProfiles/ToxProfiles.aspx?id=1117&tid=237,https://wwwn.cdc.gov/TSP/ToxFAQs/ToxFAQsDetails.aspx?faqid=1116&toxid=237
Phenol,27,148,147,https://wwwn.cdc.gov/TSP/ToxProfiles/ToxProfiles.aspx?id=148&tid=27,https://wwwn.cdc.gov/TSP/ToxFAQs/ToxFAQsDetails.aspx?faqid=147&toxid=27
Phosgene,182,,1479,,https://wwwn.cdc.gov/TSP/ToxFAQs/ToxFAQsDetails.aspx?faqid=1479&toxid=182
Phosgene Oxime,213,,1011,,https://wwwn.cdc.gov/TSP/ToxFAQs/ToxFAQsDetails.aspx?faqid=1011&toxid=213
Phosphate Ester Flame Retardants,239,1119,1164,https://wwwn.cdc.gov/TSP/ToxProfiles/ToxProfiles.aspx?id=1119&tid=239,https://wwwn.cdc.gov/TSP/ToxFAQs/ToxFAQsDetails.aspx?faqid=1164&toxid=239
Phosphine,214,,1014,,https://wwwn.cdc.gov/TSP/ToxFAQs/ToxFAQsDetails.aspx?faqid=1014&toxid=214
"Phosphorus, White",52,285,284,https://wwwn.cdc.gov/TSP/ToxProfiles/ToxProfiles.aspx?id=285&tid=52,https://wwwn.cdc.gov/TSP/ToxFAQs/ToxFAQsDetails.aspx?faqid=284&toxid=52
Plutonium,119,648,647,https://wwwn.cdc.gov/TSP/ToxProfiles/ToxProfiles.aspx?id=648&tid=119,https://wwwn.cdc.gov/TSP/ToxFAQs/ToxFAQsDetails.aspx?faqid=647&toxid=119
Polybrominated Biphenyls (PBBs),94,529,528,https://wwwn.cdc.gov/TSP/ToxProfiles/ToxProfiles.aspx?id=529&tid=94,https://wwwn.cdc.gov/TSP/ToxFAQs/ToxFAQsDetails.aspx?faqid=528&toxid=94
Polybrominated Diphenyl Ethers (PBDEs),183,901,1462,https://wwwn.cdc.gov/TSP/ToxProfiles/ToxProfiles.aspx?id=901&tid=183,https://wwwn.cdc.gov/TSP/ToxFAQs/ToxFAQsDetails.aspx?faqid=1462&toxid=183
Polychlorinated Biphenyls (PCBs),26,142,140,https://wwwn.cdc.gov/TSP/ToxProfiles/ToxProfiles.aspx?id=142&tid=26,https://wwwn.cdc.gov/TSP/ToxFAQs/ToxFAQsDetails.aspx?faqid=140&toxid=26
Polycyclic Aromatic Hydrocarbons (PAHs),25,122,121,https://wwwn.cdc.gov/TSP/ToxProfiles/ToxProfiles.aspx?id=122&tid=25,https://wwwn.cdc.gov/TSP/ToxFAQs/ToxFAQsDetails.aspx?faqid=121&toxid=25
Propylene Glycol,240,1122,1121,https://wwwn.cdc.gov/TSP/ToxProfiles/ToxProfiles.aspx?id=1122&tid=240,https://wwwn.cdc.gov/TSP/ToxFAQs/ToxFAQsDetails.aspx?faqid=1121&toxid=240
Pyrethrins and Pyrethroids,153,787,786,https://wwwn.cdc.gov/TSP/ToxProfiles/ToxProfiles.aspx?id=787&tid=153,https://wwwn.cdc.gov/TSP/ToxFAQs/ToxFAQsDetails.aspx?faqid=786&toxid=153
Pyridine,96,535,534,https://wwwn.cdc.gov/TSP/ToxProfiles/ToxProfiles.aspx?id=535&tid=96,https://wwwn.cdc.gov/TSP/ToxFAQs/ToxFAQsDetails.aspx?faqid=534&toxid=96
"Radiation, Ionizing",86,484,483,https://wwwn.cdc.gov/TSP/ToxProfiles/ToxProfiles.aspx?id=484&tid=86,https://wwwn.cdc.gov/TSP/ToxFAQs/ToxFAQsDetails.aspx?faqid=483&toxid=86
Radium,154,791,790,https://wwwn.cdc.gov/TSP/ToxProfiles/ToxProfiles.aspx?id=791&tid=154,https://wwwn.cdc.gov/TSP/ToxFAQs/ToxFAQsDetails.aspx?faqid=790&toxid=154
Radon,71,407,406,https://wwwn.cdc.gov/TSP/ToxProfiles/ToxProfiles.aspx?id=407&tid=71,https://wwwn.cdc.gov/TSP/ToxFAQs/ToxFAQsDetails.aspx?faqid=406&toxid=71
RDX (Cyclonite),72,412,411,https://wwwn.cdc.gov/TSP/ToxProfiles/ToxProfiles.aspx?id=412&tid=72,https://wwwn.cdc.gov/TSP/ToxFAQs/ToxFAQsDetails.aspx?faqid=411&toxid=72
"S,S,S-Tributyl Phosphorotrithioate (Tribufos)",292,1487,1485,https://wwwn.cdc.gov/TSP/ToxProfiles/ToxProfiles.aspx?id=1487&tid=292,https://wwwn.cdc.gov/TSP/ToxFAQs/ToxFAQsDetails.aspx?faqid=1485&toxid=292
Selenium,28,153,152,https://wwwn.cdc.gov/TSP/ToxProfiles/ToxProfiles.aspx?id=153&tid=28,https://wwwn.cdc.gov/TSP/ToxFAQs/ToxFAQsDetails.aspx?faqid=152&toxid=28
Selenium Hexafluoride,215,,1016,,https://wwwn.cdc.gov/TSP/ToxFAQs/ToxFAQsDetails.aspx?faqid=1016&toxid=215
Silica,290,1483,1492,https://wwwn.cdc.gov/TSP/ToxProfiles/ToxProfiles.aspx?id=1483&tid=290,https://wwwn.cdc.gov/TSP/ToxFAQs/ToxFAQsDetails.aspx?faqid=1492&toxid=290
Silver,97,539,538,https://wwwn.cdc.gov/TSP/ToxProfiles/ToxProfiles.aspx?id=539&tid=97,https://wwwn.cdc.gov/TSP/ToxFAQs/ToxFAQsDetails.aspx?faqid=538&toxid=97
Sodium Hydroxide,45,,248,,https://wwwn.cdc.gov/TSP/ToxFAQs/ToxFAQsDetails.aspx?faqid=248&toxid=45
Stoddard Solvent,73,416,415,https://wwwn.cdc.gov/TSP/ToxProfiles/ToxProfiles.aspx?id=416&tid=73,https://wwwn.cdc.gov/TSP/ToxFAQs/ToxFAQsDetails.aspx?faqid=415&toxid=73
Strontium,120,656,655,https://wwwn.cdc.gov/TSP/ToxProfiles/ToxProfiles.aspx?id=656&tid=120,https://wwwn.cdc.gov/TSP/ToxFAQs/ToxFAQsDetails.aspx?faqid=655&toxid=120
Styrene,74,421,420,https://wwwn.cdc.gov/TSP/ToxProfiles/ToxProfiles.aspx?id=421&tid=74,https://wwwn.cdc.gov/TSP/ToxFAQs/ToxFAQsDetails.aspx?faqid=420&toxid=74
Sulfur Dioxide,46,253,252,https://wwwn.cdc.gov/TSP/ToxProfiles/ToxProfiles.aspx?id=253&tid=46,https://wwwn.cdc.gov/TSP/ToxFAQs/ToxFAQsDetails.aspx?faqid=252&toxid=46
Sulfur Mustard,184,905,904,https://wwwn.cdc.gov/TSP/ToxProfiles/ToxProfiles.aspx?id=905&tid=184,https://wwwn.cdc.gov/TSP/ToxFAQs/ToxFAQsDetails.aspx?faqid=904&toxid=184
Sulfur Trioxide & Sulfuric Acid,47,256,255,https://wwwn.cdc.gov/TSP/ToxProfiles/ToxProfiles.aspx?id=256&tid=47,https://wwwn.cdc.gov/TSP/ToxFAQs/ToxFAQsDetails.aspx?faqid=255&toxid=47
Synthetic Vitreous Fibers,185,908,907,https://wwwn.cdc.gov/TSP/ToxProfiles/ToxProfiles.aspx?id=908&tid=185,https://wwwn.cdc.gov/TSP/ToxFAQs/ToxFAQsDetails.aspx?faqid=907&toxid=185
Tetrachloroethylene (PERC),48,265,264,https://wwwn.cdc.gov/TSP/ToxProfiles/ToxProfiles.aspx?id=265&tid=48,https://wwwn.cdc.gov/TSP/ToxFAQs/ToxFAQsDetails.aspx?faqid=264&toxid=48
Tetryl,216,1019,1018,https://wwwn.cdc.gov/TSP/ToxProfiles/ToxProfiles.aspx?id=1019&tid=216,https://wwwn.cdc.gov/TSP/ToxFAQs/ToxFAQsDetails.aspx?faqid=1018&toxid=216
Thallium,49,309,308,https://wwwn.cdc.gov/TSP/ToxProfiles/ToxProfiles.aspx?id=309&tid=49,https://wwwn.cdc.gov/TSP/ToxFAQs/ToxFAQsDetails.aspx?faqid=308&toxid=49
Thorium,121,660,659,https://wwwn.cdc.gov/TSP/ToxProfiles/ToxProfiles.aspx?id=660&tid=121,https://wwwn.cdc.gov/TSP/ToxFAQs/ToxFAQsDetails.aspx?faqid=659&toxid=121
Tin and Compounds,98,543,542,https://wwwn.cdc.gov/TSP/ToxProfiles/ToxProfiles.aspx?id=543&tid=98,https://wwwn.cdc.gov/TSP/ToxFAQs/ToxFAQsDetails.aspx?faqid=542&toxid=98
Titanium Tetrachloride,122,664,663,https://wwwn.cdc.gov/TSP/ToxProfiles/ToxProfiles.aspx?id=664&tid=122,https://wwwn.cdc.gov/TSP/ToxFAQs/ToxFAQsDetails.aspx?faqid=663&toxid=122
Toluene,29,161,160,https://wwwn.cdc.gov/TSP/ToxProfiles/ToxProfiles.aspx?id=161&tid=29,https://wwwn.cdc.gov/TSP/ToxFAQs/ToxFAQsDetails.aspx?faqid=160&toxid=29
Toluene Diisocyanate / Methylenediphenyl Diisocyanate,245,1453,1454,https://wwwn.cdc.gov/TSP/ToxProfiles/ToxProfiles.aspx?id=1453&tid=245,https://wwwn.cdc.gov/TSP/ToxFAQs/ToxFAQsDetails.aspx?faqid=1454&toxid=245
Total Petroleum Hydrocarbons (TPH),75,424,423,https://wwwn.cdc.gov/TSP/ToxProfiles/ToxProfiles.aspx?id=424&tid=75,https://wwwn.cdc.gov/TSP/ToxFAQs/ToxFAQsDetails.aspx?faqid=423&toxid=75
Toxaphene,99,548,547,https://wwwn.cdc.gov/TSP/ToxProfiles/ToxProfiles.aspx?id=548&tid=99,https://wwwn.cdc.gov/TSP/ToxFAQs/ToxFAQsDetails.aspx?faqid=547&toxid=99
Trichlorobenzenes,255,1168,1169,https://wwwn.cdc.gov/TSP/ToxProfiles/ToxProfiles.aspx?id=1168&tid=255,https://wwwn.cdc.gov/TSP/ToxFAQs/ToxFAQsDetails.aspx?faqid=1169&toxid=255
Trichloroethylene (TCE),30,173,172,https://wwwn.cdc.gov/TSP/ToxProfiles/ToxProfiles.aspx?id=173&tid=30,https://wwwn.cdc.gov/TSP/ToxFAQs/ToxFAQsDetails.aspx?faqid=172&toxid=30
Tungsten,157,806,805,https://wwwn.cdc.gov/TSP/ToxProfiles/ToxProfiles.aspx?id=806&tid=157,https://wwwn.cdc.gov/TSP/ToxFAQs/ToxFAQsDetails.aspx?faqid=805&toxid=157
Uranium,77,440,439,https://wwwn.cdc.gov/TSP/ToxProfiles/ToxProfiles.aspx?id=440&tid=77,https://wwwn.cdc.gov/TSP/ToxFAQs/ToxFAQsDetails.aspx?faqid=439&toxid=77
Used Mineral-based Crankcase Oil,123,667,666,https://wwwn.cdc.gov/TSP/ToxProfiles/ToxProfiles.aspx?id=667&tid=123,https://wwwn.cdc.gov/TSP/ToxFAQs/ToxFAQsDetails.aspx?faqid=666&toxid=123
Vanadium,50,276,275,https://wwwn.cdc.gov/TSP/ToxProfiles/ToxProfiles.aspx?id=276&tid=50,https://wwwn.cdc.gov/TSP/ToxFAQs/ToxFAQsDetails.aspx?faqid=275&toxid=50
Vinyl Acetate,124,671,670,https://wwwn.cdc.gov/TSP/ToxProfiles/ToxProfiles.aspx?id=671&tid=124,https://wwwn.cdc.gov/TSP/ToxFAQs/ToxFAQsDetails.aspx?faqid=670&toxid=124
Vinyl Chloride,51,282,281,https://wwwn.cdc.gov/TSP/ToxProfiles/ToxProfiles.aspx?id=282&tid=51,https://wwwn.cdc.gov/TSP/ToxFAQs/ToxFAQsDetails.aspx?faqid=281&toxid=51
White Phosphorus,52,285,284,https://wwwn.cdc.gov/TSP/ToxProfiles/ToxProfiles.aspx?id=285&tid=52,https://wwwn.cdc.gov/TSP/ToxFAQs/ToxFAQsDetails.aspx?faqid=284&toxid=52
Xylenes,53,296,295,https://wwwn.cdc.gov/TSP/ToxProfiles/ToxProfiles.aspx?id=296&tid=53,https://wwwn.cdc.gov/TSP/ToxFAQs/ToxFAQsDetails.aspx?faqid=295&toxid=53
Zinc,54,302,301,https://wwwn.cdc.gov/TSP/ToxProfiles/ToxProfiles.aspx?id=302&tid=54,https://wwwn.cdc.gov/TSP/ToxFAQs/ToxFAQsDetails.aspx?faqid=301&toxid=54
