substance_nmbr,name,casrn,iris_url
2,Acrylic acid,79-10-7,https://iris.epa.gov/ChemicalLanding/&substance_nmbr=2
3,Aldicarb,116-06-3,https://iris.epa.gov/ChemicalLanding/&substance_nmbr=3
4,Allyl alcohol,107-18-6,https://iris.epa.gov/ChemicalLanding/&substance_nmbr=4
5,Aluminum phosphide,20859-73-8,https://iris.epa.gov/ChemicalLanding/&substance_nmbr=5
6,Antimony,7440-36-0,https://iris.epa.gov/ChemicalLanding/&substance_nmbr=6
7,Ammonium sulfamate,7773-06-0,https://iris.epa.gov/ChemicalLanding/&substance_nmbr=7
8,Apollo,74115-24-5,https://iris.epa.gov/ChemicalLanding/&substance_nmbr=8
9,Barium cyanide,542-62-1,https://iris.epa.gov/ChemicalLanding/&substance_nmbr=9
10,Barium and Compounds,7440-39-3,https://iris.epa.gov/ChemicalLanding/&substance_nmbr=10
11,Benomyl,17804-35-2,https://iris.epa.gov/ChemicalLanding/&substance_nmbr=11
12,Beryllium and compounds,7440-41-7,https://iris.epa.gov/ChemicalLanding/&substance_nmbr=12
13,Biphenyl,92-52-4,https://iris.epa.gov/ChemicalLanding/&substance_nmbr=13
14,Di (2-ethylhexyl)phthalate (DEHP),117-81-7,https://iris.epa.gov/ChemicalLanding/&substance_nmbr=14
15,Bromomethane,74-83-9,https://iris.epa.gov/ChemicalLanding/&substance_nmbr=15
16,Butylphthalyl butylglycolate (BPBG),85-70-1,https://iris.epa.gov/ChemicalLanding/&substance_nmbr=16
17,Calcium cyanide,592-01-8,https://iris.epa.gov/ChemicalLanding/&substance_nmbr=17
18,Captan,133-06-2,https://iris.epa.gov/ChemicalLanding/&substance_nmbr=18
19,Carbaryl,63-25-2,https://iris.epa.gov/ChemicalLanding/&substance_nmbr=19
20,Carbon tetrachloride,56-23-5,https://iris.epa.gov/ChemicalLanding/&substance_nmbr=20
21,Carbosulfan,55285-14-8,https://iris.epa.gov/ChemicalLanding/&substance_nmbr=21
22,Carboxin,5234-68-4,https://iris.epa.gov/ChemicalLanding/&substance_nmbr=22
23,Chloramben,133-90-4,https://iris.epa.gov/ChemicalLanding/&substance_nmbr=23
24,Chlorine cyanide,506-77-4,https://iris.epa.gov/ChemicalLanding/&substance_nmbr=24
25,Chloroform,67-66-3,https://iris.epa.gov/ChemicalLanding/&substance_nmbr=25
26,Chlorpyrifos,2921-88-2,https://iris.epa.gov/ChemicalLanding/&substance_nmbr=26
27,Chlorsulfuron,64902-72-3,https://iris.epa.gov/ChemicalLanding/&substance_nmbr=27
28,"Chromium(III), insoluble salts",16065-83-1,https://iris.epa.gov/ChemicalLanding/&substance_nmbr=28
29,Copper cyanide,544-92-3,https://iris.epa.gov/ChemicalLanding/&substance_nmbr=29
30,Tricresol,1319-77-3,https://iris.epa.gov/ChemicalLanding/&substance_nmbr=30
31,"Cyanide, free",57-12-5,https://iris.epa.gov/ChemicalLanding/&substance_nmbr=31
32,Cyanogen,460-19-5,https://iris.epa.gov/ChemicalLanding/&substance_nmbr=32
33,"4-(2,4-Dichlorophenoxy)butyric acid (2,4-DB)",94-82-6,https://iris.epa.gov/ChemicalLanding/&substance_nmbr=33
34,Danitol,39515-41-8,https://iris.epa.gov/ChemicalLanding/&substance_nmbr=34
35,"2,2',3,3',4,4',5,5',6,6'-Decabromodiphenyl ether (BDE-209)",1163-19-5,https://iris.epa.gov/ChemicalLanding/&substance_nmbr=35
36,Demeton,8065-48-3,https://iris.epa.gov/ChemicalLanding/&substance_nmbr=36
37,N-Nitroso-di-n-butylamine,924-16-3,https://iris.epa.gov/ChemicalLanding/&substance_nmbr=37
38,Dibutyl phthalate (DBP),84-74-2,https://iris.epa.gov/ChemicalLanding/&substance_nmbr=38
39,"1,1-Dichloroethylene (1,1-DCE)",75-35-4,https://iris.epa.gov/ChemicalLanding/&substance_nmbr=39
40,Dichlorodifluoromethane,75-71-8,https://iris.epa.gov/ChemicalLanding/&substance_nmbr=40
41,"2,4-Dichlorophenol",120-83-2,https://iris.epa.gov/ChemicalLanding/&substance_nmbr=41
42,N-Nitrosodiethylamine,55-18-5,https://iris.epa.gov/ChemicalLanding/&substance_nmbr=42
43,Dimethipin,55290-64-7,https://iris.epa.gov/ChemicalLanding/&substance_nmbr=43
44,Dimethoate,60-51-5,https://iris.epa.gov/ChemicalLanding/&substance_nmbr=44
45,N-Nitrosodimethylamine,62-75-9,https://iris.epa.gov/ChemicalLanding/&substance_nmbr=45
46,Dimethyl terephthalate (DMT),120-61-6,https://iris.epa.gov/ChemicalLanding/&substance_nmbr=46
47,Dinoseb,88-85-7,https://iris.epa.gov/ChemicalLanding/&substance_nmbr=47
48,Diphenylamine,122-39-4,https://iris.epa.gov/ChemicalLanding/&substance_nmbr=48
49,"1,2-Diphenylhydrazine",122-66-7,https://iris.epa.gov/ChemicalLanding/&substance_nmbr=49
50,Epichlorohydrin,106-89-8,https://iris.epa.gov/ChemicalLanding/&substance_nmbr=50
51,Ethylbenzene,100-41-4,https://iris.epa.gov/ChemicalLanding/&substance_nmbr=51
52,Ethylphthalyl ethylglycolate (EPEG),84-72-0,https://iris.epa.gov/ChemicalLanding/&substance_nmbr=52
53,Fluorine (soluble fluoride),7782-41-4,https://iris.epa.gov/ChemicalLanding/&substance_nmbr=53
54,Fluridone,59756-60-4,https://iris.epa.gov/ChemicalLanding/&substance_nmbr=54
55,Formic acid,64-18-6,https://iris.epa.gov/ChemicalLanding/&substance_nmbr=55
56,Furan,110-00-9,https://iris.epa.gov/ChemicalLanding/&substance_nmbr=56
57,Glyphosate,1071-83-6,https://iris.epa.gov/ChemicalLanding/&substance_nmbr=57
58,Hexachlorobutadiene,87-68-3,https://iris.epa.gov/ChemicalLanding/&substance_nmbr=58
59,Hexachlorocyclopentadiene (HCCPD),77-47-4,https://iris.epa.gov/ChemicalLanding/&substance_nmbr=59
60,Hydrogen Cyanide and Cyanide Salts,Various,https://iris.epa.gov/ChemicalLanding/&substance_nmbr=60
61,Hydrogen sulfide,7783-06-4,https://iris.epa.gov/ChemicalLanding/&substance_nmbr=61
62,Imazaquin,81335-37-7,https://iris.epa.gov/ChemicalLanding/&substance_nmbr=62
63,Isophorone,78-59-1,https://iris.epa.gov/ChemicalLanding/&substance_nmbr=63
64,Isopropalin,33820-53-0,https://iris.epa.gov/ChemicalLanding/&substance_nmbr=64
65,gamma-Hexachlorocyclohexane (gamma-HCH),58-89-9,https://iris.epa.gov/ChemicalLanding/&substance_nmbr=65
66,2-Methyl-4-chlorophenoxyacetic acid (MCPA),94-74-6,https://iris.epa.gov/ChemicalLanding/&substance_nmbr=66
67,2-(2-Methyl-4-chlorophenoxy)propionic acid (MCPP),93-65-2,https://iris.epa.gov/ChemicalLanding/&substance_nmbr=67
68,Metalaxyl,57837-19-1,https://iris.epa.gov/ChemicalLanding/&substance_nmbr=68
69,Methomyl,16752-77-5,https://iris.epa.gov/ChemicalLanding/&substance_nmbr=69
70,Dichloromethane,75-09-2,https://iris.epa.gov/ChemicalLanding/&substance_nmbr=70
71,Methyl ethyl ketone (MEK),78-93-3,https://iris.epa.gov/ChemicalLanding/&substance_nmbr=71
73,Methylmercury (MeHg),22967-92-6,https://iris.epa.gov/ChemicalLanding/&substance_nmbr=73
74,Metolachlor,51218-45-2,https://iris.epa.gov/ChemicalLanding/&substance_nmbr=74
75,Metribuzin,21087-64-9,https://iris.epa.gov/ChemicalLanding/&substance_nmbr=75
76,Nitrate,14797-55-8,https://iris.epa.gov/ChemicalLanding/&substance_nmbr=76
77,Nitric oxide,10102-43-9,https://iris.epa.gov/ChemicalLanding/&substance_nmbr=77
78,Nitrite,14797-65-0,https://iris.epa.gov/ChemicalLanding/&substance_nmbr=78
79,Nitrobenzene,98-95-3,https://iris.epa.gov/ChemicalLanding/&substance_nmbr=79
80,Nitrogen dioxide,10102-44-0,https://iris.epa.gov/ChemicalLanding/&substance_nmbr=80
81,N-Nitrosopyrrolidine,930-55-2,https://iris.epa.gov/ChemicalLanding/&substance_nmbr=81
82,Norflurazon,27314-13-2,https://iris.epa.gov/ChemicalLanding/&substance_nmbr=82
83,Oryzalin,19044-88-3,https://iris.epa.gov/ChemicalLanding/&substance_nmbr=83
84,Oxyfluorfen,42874-03-3,https://iris.epa.gov/ChemicalLanding/&substance_nmbr=84
85,Pentachlorobenzene,608-93-5,https://iris.epa.gov/ChemicalLanding/&substance_nmbr=85
86,Pentachlorophenol,87-86-5,https://iris.epa.gov/ChemicalLanding/&substance_nmbr=86
87,m-Phenylenediamine,108-45-2,https://iris.epa.gov/ChemicalLanding/&substance_nmbr=87
88,Phenol,108-95-2,https://iris.epa.gov/ChemicalLanding/&substance_nmbr=88
89,Phenylmercuric acetate,62-38-4,https://iris.epa.gov/ChemicalLanding/&substance_nmbr=89
90,Phosphine,7803-51-2,https://iris.epa.gov/ChemicalLanding/&substance_nmbr=90
91,Phosmet,732-11-6,https://iris.epa.gov/ChemicalLanding/&substance_nmbr=91
92,Potassium cyanide,151-50-8,https://iris.epa.gov/ChemicalLanding/&substance_nmbr=92
93,Potassium silver cyanide,506-61-6,https://iris.epa.gov/ChemicalLanding/&substance_nmbr=93
94,Prometon,1610-18-0,https://iris.epa.gov/ChemicalLanding/&substance_nmbr=94
95,Pronamide,23950-58-5,https://iris.epa.gov/ChemicalLanding/&substance_nmbr=95
96,Propachlor,1918-16-7,https://iris.epa.gov/ChemicalLanding/&substance_nmbr=96
97,Selenious acid,7783-00-8,https://iris.epa.gov/ChemicalLanding/&substance_nmbr=97
98,Selenourea,630-10-4,https://iris.epa.gov/ChemicalLanding/&substance_nmbr=98
99,Silver,7440-22-4,https://iris.epa.gov/ChemicalLanding/&substance_nmbr=99
100,Silver cyanide,506-64-9,https://iris.epa.gov/ChemicalLanding/&substance_nmbr=100
101,Sodium cyanide,143-33-9,https://iris.epa.gov/ChemicalLanding/&substance_nmbr=101
102,Sodium diethyldithiocarbamate,148-18-5,https://iris.epa.gov/ChemicalLanding/&substance_nmbr=102
103,Strychnine,57-24-9,https://iris.epa.gov/ChemicalLanding/&substance_nmbr=103
104,Styrene,100-42-5,https://iris.epa.gov/ChemicalLanding/&substance_nmbr=104
105,Terbacil,5902-51-2,https://iris.epa.gov/ChemicalLanding/&substance_nmbr=105
106,Tetrachloroethylene (Perchloroethylene),127-18-4,https://iris.epa.gov/ChemicalLanding/&substance_nmbr=106
107,"1,2,4,5-Tetrachlorobenzene",95-94-3,https://iris.epa.gov/ChemicalLanding/&substance_nmbr=107
108,"2,3,4,6-Tetrachlorophenol",58-90-2,https://iris.epa.gov/ChemicalLanding/&substance_nmbr=108
109,Tetraethyl lead,78-00-2,https://iris.epa.gov/ChemicalLanding/&substance_nmbr=109
110,Thallium oxide,1314-32-5,https://iris.epa.gov/ChemicalLanding/&substance_nmbr=110
111,Thallium acetate,563-68-8,https://iris.epa.gov/ChemicalLanding/&substance_nmbr=111
112,Thallium carbonate,6533-73-9,https://iris.epa.gov/ChemicalLanding/&substance_nmbr=112
113,Thallium chloride,7791-12-0,https://iris.epa.gov/ChemicalLanding/&substance_nmbr=113
114,Thallium nitrate,10102-45-1,https://iris.epa.gov/ChemicalLanding/&substance_nmbr=114
115,Thallium selenite,12039-52-0,https://iris.epa.gov/ChemicalLanding/&substance_nmbr=115
116,Thallium(I) sulfate,7446-18-6,https://iris.epa.gov/ChemicalLanding/&substance_nmbr=116
117,Thiophanate-methyl,23564-05-8,https://iris.epa.gov/ChemicalLanding/&substance_nmbr=117
118,Toluene,108-88-3,https://iris.epa.gov/ChemicalLanding/&substance_nmbr=118
119,"1,2,4-Trichlorobenzene",120-82-1,https://iris.epa.gov/ChemicalLanding/&substance_nmbr=119
120,Trichlorofluoromethane,75-69-4,https://iris.epa.gov/ChemicalLanding/&substance_nmbr=120
121,"2,4,5-Trichlorophenol",95-95-4,https://iris.epa.gov/ChemicalLanding/&substance_nmbr=121
122,"2,4,6-Trichlorophenol",88-06-2,https://iris.epa.gov/ChemicalLanding/&substance_nmbr=122
123,"1,1,2-Trichloro-1,2,2-trifluoroethane (CFC-113)",76-13-1,https://iris.epa.gov/ChemicalLanding/&substance_nmbr=123
124,Tridiphane,58138-08-2,https://iris.epa.gov/ChemicalLanding/&substance_nmbr=124
125,Vanadium pentoxide,1314-62-1,https://iris.epa.gov/ChemicalLanding/&substance_nmbr=125
126,Vinclozolin,50471-44-8,https://iris.epa.gov/ChemicalLanding/&substance_nmbr=126
127,Zinc cyanide,557-21-1,https://iris.epa.gov/ChemicalLanding/&substance_nmbr=127
128,Acetone,67-64-1,https://iris.epa.gov/ChemicalLanding/&substance_nmbr=128
129,Alachlor,15972-60-8,https://iris.epa.gov/ChemicalLanding/&substance_nmbr=129
130,Aldrin,309-00-2,https://iris.epa.gov/ChemicalLanding/&substance_nmbr=130
131,Bayleton,43121-43-3,https://iris.epa.gov/ChemicalLanding/&substance_nmbr=131
132,Baythroid,68359-37-5,https://iris.epa.gov/ChemicalLanding/&substance_nmbr=132
133,Benefin,1861-40-1,https://iris.epa.gov/ChemicalLanding/&substance_nmbr=133
134,Bentazon (Basagran),25057-89-0,https://iris.epa.gov/ChemicalLanding/&substance_nmbr=134
135,Benzidine,92-87-5,https://iris.epa.gov/ChemicalLanding/&substance_nmbr=135
136,Benzo[a]pyrene (BaP),50-32-8,https://iris.epa.gov/ChemicalLanding/&substance_nmbr=136
137,Bis(chloroethyl)ether (BCEE),111-44-4,https://iris.epa.gov/ChemicalLanding/&substance_nmbr=137
138,Bromoxynil octanoate,1689-99-2,https://iris.epa.gov/ChemicalLanding/&substance_nmbr=138
139,"1,3-Butadiene",106-99-0,https://iris.epa.gov/ChemicalLanding/&substance_nmbr=139
140,n-Butanol,71-36-3,https://iris.epa.gov/ChemicalLanding/&substance_nmbr=140
141,Cadmium,7440-43-9,https://iris.epa.gov/ChemicalLanding/&substance_nmbr=141
142,Chlordane (Technical),12789-03-6,https://iris.epa.gov/ChemicalLanding/&substance_nmbr=142
143,Chlorothalonil,1897-45-6,https://iris.epa.gov/ChemicalLanding/&substance_nmbr=143
144,Chromium(VI),18540-29-9,https://iris.epa.gov/ChemicalLanding/&substance_nmbr=144
145,Cyanazine,21725-46-2,https://iris.epa.gov/ChemicalLanding/&substance_nmbr=145
146,"Dalapon, sodium salt",75-99-0,https://iris.epa.gov/ChemicalLanding/&substance_nmbr=146
147,"p,p'-Dichlorodiphenyltrichloroethane (DDT)",50-29-3,https://iris.epa.gov/ChemicalLanding/&substance_nmbr=147
148,"1,4-Dibromobenzene",106-37-6,https://iris.epa.gov/ChemicalLanding/&substance_nmbr=148
149,"1,2-Dichloroethane",107-06-2,https://iris.epa.gov/ChemicalLanding/&substance_nmbr=149
150,"2,4-Dichlorophenoxyacetic acid (2,4-D)",94-75-7,https://iris.epa.gov/ChemicalLanding/&substance_nmbr=150
151,Dichlorvos,62-73-7,https://iris.epa.gov/ChemicalLanding/&substance_nmbr=151
152,"2,4-Dinitrophenol",51-28-5,https://iris.epa.gov/ChemicalLanding/&substance_nmbr=152
153,Diquat,2764-72-9,https://iris.epa.gov/ChemicalLanding/&substance_nmbr=153
154,Disulfoton,298-04-4,https://iris.epa.gov/ChemicalLanding/&substance_nmbr=154
155,Endothall,145-73-3,https://iris.epa.gov/ChemicalLanding/&substance_nmbr=155
156,Ethion,563-12-2,https://iris.epa.gov/ChemicalLanding/&substance_nmbr=156
157,Ethyl acetate,141-78-6,https://iris.epa.gov/ChemicalLanding/&substance_nmbr=157
158,Fonofos,944-22-9,https://iris.epa.gov/ChemicalLanding/&substance_nmbr=158
159,Fosetyl-al,39148-24-8,https://iris.epa.gov/ChemicalLanding/&substance_nmbr=159
160,Heptachlor epoxide,1024-57-3,https://iris.epa.gov/ChemicalLanding/&substance_nmbr=160
161,Hexabromobenzene,87-82-1,https://iris.epa.gov/ChemicalLanding/&substance_nmbr=161
162,alpha-Hexachlorocyclohexane (alpha-HCH),319-84-6,https://iris.epa.gov/ChemicalLanding/&substance_nmbr=162
163,delta-Hexachlorocyclohexane (delta-HCH),319-86-8,https://iris.epa.gov/ChemicalLanding/&substance_nmbr=163
164,epsilon-Hexachlorocyclohexane (epsilon-HC),6108-10-7,https://iris.epa.gov/ChemicalLanding/&substance_nmbr=164
165,technical Hexachlorocyclohexane (t-HCH),608-73-1,https://iris.epa.gov/ChemicalLanding/&substance_nmbr=165
166,"Hexachlorodibenzo-p-dioxin (HxCDD), mixture of 1,2,3,6,7,8-HxCDD and 1,2,3,7,8,9-HxCDD",57653-85-7,https://iris.epa.gov/ChemicalLanding/&substance_nmbr=166
167,Hexachloroethane,67-72-1,https://iris.epa.gov/ChemicalLanding/&substance_nmbr=167
168,Imazalil,35554-44-0,https://iris.epa.gov/ChemicalLanding/&substance_nmbr=168
169,Isobutyl alcohol,78-83-1,https://iris.epa.gov/ChemicalLanding/&substance_nmbr=169
170,Linuron,330-55-2,https://iris.epa.gov/ChemicalLanding/&substance_nmbr=170
171,Londax,83055-99-6,https://iris.epa.gov/ChemicalLanding/&substance_nmbr=171
172,Maleic hydrazide,123-33-1,https://iris.epa.gov/ChemicalLanding/&substance_nmbr=172
173,Methyl isobutyl ketone (MIBK),108-10-1,https://iris.epa.gov/ChemicalLanding/&substance_nmbr=173
174,Methyl parathion,298-00-0,https://iris.epa.gov/ChemicalLanding/&substance_nmbr=174
175,Naled,300-76-5,https://iris.epa.gov/ChemicalLanding/&substance_nmbr=175
176,Nitrapyrin,1929-82-4,https://iris.epa.gov/ChemicalLanding/&substance_nmbr=176
177,N-Nitrosodi-N-propylamine,621-64-7,https://iris.epa.gov/ChemicalLanding/&substance_nmbr=177
178,N-Nitrosodiphenylamine,86-30-6,https://iris.epa.gov/ChemicalLanding/&substance_nmbr=178
179,N-Nitroso-N-methylethylamine,10595-95-6,https://iris.epa.gov/ChemicalLanding/&substance_nmbr=179
180,Octabromodiphenyl ether,32536-52-0,https://iris.epa.gov/ChemicalLanding/&substance_nmbr=180
181,Oxamyl,23135-22-0,https://iris.epa.gov/ChemicalLanding/&substance_nmbr=181
182,Paclobutrazol,76738-62-0,https://iris.epa.gov/ChemicalLanding/&substance_nmbr=182
183,Paraquat,1910-42-5,https://iris.epa.gov/ChemicalLanding/&substance_nmbr=183
184,Pentabromodiphenyl ether,32534-81-9,https://iris.epa.gov/ChemicalLanding/&substance_nmbr=184
185,Permethrin,52645-53-1,https://iris.epa.gov/ChemicalLanding/&substance_nmbr=185
186,Propanil,709-98-8,https://iris.epa.gov/ChemicalLanding/&substance_nmbr=186
187,Propazine,139-40-2,https://iris.epa.gov/ChemicalLanding/&substance_nmbr=187
188,Pydrin,51630-58-1,https://iris.epa.gov/ChemicalLanding/&substance_nmbr=188
189,Quinalphos,13593-03-8,https://iris.epa.gov/ChemicalLanding/&substance_nmbr=189
190,Sethoxydim,74051-80-2,https://iris.epa.gov/ChemicalLanding/&substance_nmbr=190
191,Sodium azide,26628-22-8,https://iris.epa.gov/ChemicalLanding/&substance_nmbr=191
192,"Acifluorfen, sodium",62476-59-9,https://iris.epa.gov/ChemicalLanding/&substance_nmbr=192
193,"1,1,2,2-Tetrachloroethane",79-34-5,https://iris.epa.gov/ChemicalLanding/&substance_nmbr=193
194,Tetrachlorovinphos,961-11-5,https://iris.epa.gov/ChemicalLanding/&substance_nmbr=194
195,Triallate,2303-17-5,https://iris.epa.gov/ChemicalLanding/&substance_nmbr=195
196,"1,2,4-Tribromobenzene",615-54-3,https://iris.epa.gov/ChemicalLanding/&substance_nmbr=196
197,"1,1,1-Trichloroethane",71-55-6,https://iris.epa.gov/ChemicalLanding/&substance_nmbr=197
198,"1,1,2-Trichloroethane",79-00-5,https://iris.epa.gov/ChemicalLanding/&substance_nmbr=198
199,Trichloroethylene,79-01-6,https://iris.epa.gov/ChemicalLanding/&substance_nmbr=199
200,"1,2,3-Trichloropropane",96-18-4,https://iris.epa.gov/ChemicalLanding/&substance_nmbr=200
201,Vernam,1929-77-7,https://iris.epa.gov/ChemicalLanding/&substance_nmbr=201
202,Warfarin,81-81-2,https://iris.epa.gov/ChemicalLanding/&substance_nmbr=202
203,Zinc phosphide,1314-84-7,https://iris.epa.gov/ChemicalLanding/&substance_nmbr=203
204,Zineb,12122-67-7,https://iris.epa.gov/ChemicalLanding/&substance_nmbr=204
205,Acetonitrile,75-05-8,https://iris.epa.gov/ChemicalLanding/&substance_nmbr=205
206,Acrylonitrile,107-13-1,https://iris.epa.gov/ChemicalLanding/&substance_nmbr=206
207,Amdro,67485-29-4,https://iris.epa.gov/ChemicalLanding/&substance_nmbr=207
208,Ametryn,834-12-8,https://iris.epa.gov/ChemicalLanding/&substance_nmbr=208
209,Atrazine,1912-24-9,https://iris.epa.gov/ChemicalLanding/&substance_nmbr=209
210,Baygon,114-26-1,https://iris.epa.gov/ChemicalLanding/&substance_nmbr=210
211,Bidrin,141-66-2,https://iris.epa.gov/ChemicalLanding/&substance_nmbr=211
213,Bromodichloromethane,75-27-4,https://iris.epa.gov/ChemicalLanding/&substance_nmbr=213
214,Bromoform,75-25-2,https://iris.epa.gov/ChemicalLanding/&substance_nmbr=214
215,Butylate,2008-41-5,https://iris.epa.gov/ChemicalLanding/&substance_nmbr=215
216,Captafol,2425-06-1,https://iris.epa.gov/ChemicalLanding/&substance_nmbr=216
217,Carbon disulfide,75-15-0,https://iris.epa.gov/ChemicalLanding/&substance_nmbr=217
218,Carbofuran,1563-66-2,https://iris.epa.gov/ChemicalLanding/&substance_nmbr=218
219,Cyclohexanone,108-94-1,https://iris.epa.gov/ChemicalLanding/&substance_nmbr=219
220,Cyromazine,66215-27-8,https://iris.epa.gov/ChemicalLanding/&substance_nmbr=220
221,Dacthal,1861-32-1,https://iris.epa.gov/ChemicalLanding/&substance_nmbr=221
222,Dibromochloromethane,124-48-1,https://iris.epa.gov/ChemicalLanding/&substance_nmbr=222
223,Dicamba,1918-00-9,https://iris.epa.gov/ChemicalLanding/&substance_nmbr=223
224,"1,3-Dichloropropene",542-75-6,https://iris.epa.gov/ChemicalLanding/&substance_nmbr=224
225,Dieldrin,60-57-1,https://iris.epa.gov/ChemicalLanding/&substance_nmbr=225
226,Diethyl phthalate (DEP),84-66-2,https://iris.epa.gov/ChemicalLanding/&substance_nmbr=226
227,Diflubenzuron,35367-38-5,https://iris.epa.gov/ChemicalLanding/&substance_nmbr=227
228,Dimethylamine,124-40-3,https://iris.epa.gov/ChemicalLanding/&substance_nmbr=228
229,N-N-Dimethylaniline,121-69-7,https://iris.epa.gov/ChemicalLanding/&substance_nmbr=229
230,"2,6-Dimethylphenol",576-26-1,https://iris.epa.gov/ChemicalLanding/&substance_nmbr=230
231,"3,4-Dimethylphenol",95-65-8,https://iris.epa.gov/ChemicalLanding/&substance_nmbr=231
232,Diphenamid,957-51-7,https://iris.epa.gov/ChemicalLanding/&substance_nmbr=232
233,Diuron,330-54-1,https://iris.epa.gov/ChemicalLanding/&substance_nmbr=233
234,Dodine,2439-10-3,https://iris.epa.gov/ChemicalLanding/&substance_nmbr=234
235,Endosulfan,115-29-7,https://iris.epa.gov/ChemicalLanding/&substance_nmbr=235
236,Ethyl p-nitrophenyl phenylphosphorothioate (EPN),2104-64-5,https://iris.epa.gov/ChemicalLanding/&substance_nmbr=236
237,S-Ethyl dipropylthiocarbamate (EPTC),759-94-4,https://iris.epa.gov/ChemicalLanding/&substance_nmbr=237
238,Ethylene glycol,107-21-1,https://iris.epa.gov/ChemicalLanding/&substance_nmbr=238
239,Ethylene thiourea (ETU),96-45-7,https://iris.epa.gov/ChemicalLanding/&substance_nmbr=239
240,Fenamiphos,22224-92-6,https://iris.epa.gov/ChemicalLanding/&substance_nmbr=240
241,Fluometuron,2164-17-2,https://iris.epa.gov/ChemicalLanding/&substance_nmbr=241
242,Folpet,133-07-3,https://iris.epa.gov/ChemicalLanding/&substance_nmbr=242
243,Heptachlor,76-44-8,https://iris.epa.gov/ChemicalLanding/&substance_nmbr=243
244,beta-Hexachlorocyclohexane (beta-HCH),319-85-7,https://iris.epa.gov/ChemicalLanding/&substance_nmbr=244
245,Chloromethyl methyl ether (CMME),107-30-2,https://iris.epa.gov/ChemicalLanding/&substance_nmbr=245
246,Hexazinone,51235-04-2,https://iris.epa.gov/ChemicalLanding/&substance_nmbr=246
247,Glufosinate-ammonium,77182-82-2,https://iris.epa.gov/ChemicalLanding/&substance_nmbr=247
248,Malathion,121-75-5,https://iris.epa.gov/ChemicalLanding/&substance_nmbr=248
249,Maneb,12427-38-2,https://iris.epa.gov/ChemicalLanding/&substance_nmbr=249
250,Methamidophos,10265-92-6,https://iris.epa.gov/ChemicalLanding/&substance_nmbr=250
251,Mirex,2385-85-5,https://iris.epa.gov/ChemicalLanding/&substance_nmbr=251
252,N-Nitrosodiethanolamine,1116-54-7,https://iris.epa.gov/ChemicalLanding/&substance_nmbr=252
253,Oxadiazon,19666-30-9,https://iris.epa.gov/ChemicalLanding/&substance_nmbr=253
254,Pentachloronitrobenzene (PCNB),82-68-8,https://iris.epa.gov/ChemicalLanding/&substance_nmbr=254
255,Phosalone,2310-17-0,https://iris.epa.gov/ChemicalLanding/&substance_nmbr=255
256,Picloram,1918-02-1,https://iris.epa.gov/ChemicalLanding/&substance_nmbr=256
257,Pirimiphos-methyl,29232-93-7,https://iris.epa.gov/ChemicalLanding/&substance_nmbr=257
258,Prometryn,7287-19-6,https://iris.epa.gov/ChemicalLanding/&substance_nmbr=258
260,Propham,122-42-9,https://iris.epa.gov/ChemicalLanding/&substance_nmbr=260
261,Pyridine,110-86-1,https://iris.epa.gov/ChemicalLanding/&substance_nmbr=261
262,"2,4,5-Trichlorophenoxyacetic acid (2,4,5-T)",93-76-5,https://iris.epa.gov/ChemicalLanding/&substance_nmbr=262
263,Simazine,122-34-9,https://iris.epa.gov/ChemicalLanding/&substance_nmbr=263
264,Tebuthiuron,34014-18-1,https://iris.epa.gov/ChemicalLanding/&substance_nmbr=264
265,"1,1,1,2-Tetrachloroethane",630-20-6,https://iris.epa.gov/ChemicalLanding/&substance_nmbr=265
266,Thiobencarb,28249-77-6,https://iris.epa.gov/ChemicalLanding/&substance_nmbr=266
267,Thiram,137-26-8,https://iris.epa.gov/ChemicalLanding/&substance_nmbr=267
268,Trifluralin,1582-09-8,https://iris.epa.gov/ChemicalLanding/&substance_nmbr=268
269,"2,4,6-Trinitrotoluene (TNT)",118-96-7,https://iris.epa.gov/ChemicalLanding/&substance_nmbr=269
270,Xylenes,1330-20-7,https://iris.epa.gov/ChemicalLanding/&substance_nmbr=270
271,"Nickel, soluble salts",Various,https://iris.epa.gov/ChemicalLanding/&substance_nmbr=271
272,Nickel refinery dust,None,https://iris.epa.gov/ChemicalLanding/&substance_nmbr=272
273,Nickel subsulfide,12035-72-2,https://iris.epa.gov/ChemicalLanding/&substance_nmbr=273
274,Nickel carbonyl,13463-39-3,https://iris.epa.gov/ChemicalLanding/&substance_nmbr=274
275,Radon 222,14859-67-7,https://iris.epa.gov/ChemicalLanding/&substance_nmbr=275
276,Benzene,71-43-2,https://iris.epa.gov/ChemicalLanding/&substance_nmbr=276
277,Lead and compounds (inorganic),7439-92-1,https://iris.epa.gov/ChemicalLanding/&substance_nmbr=277
278,"Arsenic, Inorganic",7440-38-2,https://iris.epa.gov/ChemicalLanding/&substance_nmbr=278
279,Cyhalothrin/Karate,68085-85-8,https://iris.epa.gov/ChemicalLanding/&substance_nmbr=279
280,Lactofen,77501-63-4,https://iris.epa.gov/ChemicalLanding/&substance_nmbr=280
281,Fluvalinate,69409-94-5,https://iris.epa.gov/ChemicalLanding/&substance_nmbr=281
282,Propiconazole,60207-90-1,https://iris.epa.gov/ChemicalLanding/&substance_nmbr=282
283,Chlorpropham,101-21-3,https://iris.epa.gov/ChemicalLanding/&substance_nmbr=283
284,Asulam,3337-71-1,https://iris.epa.gov/ChemicalLanding/&substance_nmbr=284
285,Terbutryn,886-50-0,https://iris.epa.gov/ChemicalLanding/&substance_nmbr=285
286,Acrylamide,79-06-1,https://iris.epa.gov/ChemicalLanding/&substance_nmbr=286
287,Alar,1596-84-5,https://iris.epa.gov/ChemicalLanding/&substance_nmbr=287
288,Ally,74223-64-6,https://iris.epa.gov/ChemicalLanding/&substance_nmbr=288
289,Bromoxynil,1689-84-5,https://iris.epa.gov/ChemicalLanding/&substance_nmbr=289
290,Acetaldehyde,75-07-0,https://iris.epa.gov/ChemicalLanding/&substance_nmbr=290
291,Iprodione,36734-19-7,https://iris.epa.gov/ChemicalLanding/&substance_nmbr=291
292,Pendimethalin,40487-42-1,https://iris.epa.gov/ChemicalLanding/&substance_nmbr=292
293,Butyl benzyl phthalate (BBP),85-68-7,https://iris.epa.gov/ChemicalLanding/&substance_nmbr=293
294,Polychlorinated Biphenyls (PCBs),1336-36-3,https://iris.epa.gov/ChemicalLanding/&substance_nmbr=294
295,"Radium 226,228",Various,https://iris.epa.gov/ChemicalLanding/&substance_nmbr=295
296,Propargite,2312-35-8,https://iris.epa.gov/ChemicalLanding/&substance_nmbr=296
297,Ethephon,16672-87-0,https://iris.epa.gov/ChemicalLanding/&substance_nmbr=297
298,Molinate,2212-67-1,https://iris.epa.gov/ChemicalLanding/&substance_nmbr=298
299,NuStar,85509-19-9,https://iris.epa.gov/ChemicalLanding/&substance_nmbr=299
300,2-Methylphenol,95-48-7,https://iris.epa.gov/ChemicalLanding/&substance_nmbr=300
301,3-Methylphenol,108-39-4,https://iris.epa.gov/ChemicalLanding/&substance_nmbr=301
302,4-Methylphenol,106-44-5,https://iris.epa.gov/ChemicalLanding/&substance_nmbr=302
303,2-Chlorophenol,95-57-8,https://iris.epa.gov/ChemicalLanding/&substance_nmbr=303
304,Chloral hydrate,302-17-0,https://iris.epa.gov/ChemicalLanding/&substance_nmbr=304
305,Methanol,67-56-1,https://iris.epa.gov/ChemicalLanding/&substance_nmbr=305
306,Cumene,98-82-8,https://iris.epa.gov/ChemicalLanding/&substance_nmbr=306
307,Maleic anhydride,108-31-6,https://iris.epa.gov/ChemicalLanding/&substance_nmbr=307
308,Phthalic anhydride,85-44-9,https://iris.epa.gov/ChemicalLanding/&substance_nmbr=308
309,Methyl chlorocarbonate,79-22-1,https://iris.epa.gov/ChemicalLanding/&substance_nmbr=309
310,Diisopropyl methylphosphonate (DIMP),1445-75-6,https://iris.epa.gov/ChemicalLanding/&substance_nmbr=310
311,"Octahydro-1,3,5,7-tetranitro-1,3,5,7-tetrazocine (HMX)",2691-41-0,https://iris.epa.gov/ChemicalLanding/&substance_nmbr=311
312,Aldicarb sulfone,1646-88-4,https://iris.epa.gov/ChemicalLanding/&substance_nmbr=312
313,"Hexahydro-1,3,5-trinitro-1,3,5-triazine (RDX)",121-82-4,https://iris.epa.gov/ChemicalLanding/&substance_nmbr=313
314,"trans-1,2-Dichloroethylene",156-60-5,https://iris.epa.gov/ChemicalLanding/&substance_nmbr=314
315,Glycidaldehyde,765-34-4,https://iris.epa.gov/ChemicalLanding/&substance_nmbr=315
316,"1,3,5-Trinitrobenzene",99-35-4,https://iris.epa.gov/ChemicalLanding/&substance_nmbr=316
317,Furfural,98-01-1,https://iris.epa.gov/ChemicalLanding/&substance_nmbr=317
318,m-Dinitrobenzene,99-65-0,https://iris.epa.gov/ChemicalLanding/&substance_nmbr=318
319,Cyclohexylamine,108-91-8,https://iris.epa.gov/ChemicalLanding/&substance_nmbr=319
320,p-Chloroaniline,106-47-8,https://iris.epa.gov/ChemicalLanding/&substance_nmbr=320
321,Acetophenone,98-86-2,https://iris.epa.gov/ChemicalLanding/&substance_nmbr=321
322,"4,6-Dinitro-o-cyclohexyl phenol",131-89-5,https://iris.epa.gov/ChemicalLanding/&substance_nmbr=322
323,"2(2,4,5-Trichlorophenoxy) propionic acid (2,4,5-TP)",93-72-1,https://iris.epa.gov/ChemicalLanding/&substance_nmbr=323
324,Dicofol,115-32-2,https://iris.epa.gov/ChemicalLanding/&substance_nmbr=324
325,4-(2-Methyl-4-chlorophenoxy) butyric acid (MCPB),94-81-5,https://iris.epa.gov/ChemicalLanding/&substance_nmbr=325
326,"1,4-Dioxane",123-91-1,https://iris.epa.gov/ChemicalLanding/&substance_nmbr=326
327,Parathion,56-38-2,https://iris.epa.gov/ChemicalLanding/&substance_nmbr=327
328,"p,p'-Dichlorodiphenyldichloroethylene (DDE)",72-55-9,https://iris.epa.gov/ChemicalLanding/&substance_nmbr=328
330,Tetraethyldithiopyrophosphate,3689-24-5,https://iris.epa.gov/ChemicalLanding/&substance_nmbr=330
332,Benzaldehyde,100-52-7,https://iris.epa.gov/ChemicalLanding/&substance_nmbr=332
333,Biphenthrin,82657-04-3,https://iris.epa.gov/ChemicalLanding/&substance_nmbr=333
334,Amitraz,33089-61-1,https://iris.epa.gov/ChemicalLanding/&substance_nmbr=334
335,Assure,76578-14-8,https://iris.epa.gov/ChemicalLanding/&substance_nmbr=335
336,Difenzoquat,43222-48-6,https://iris.epa.gov/ChemicalLanding/&substance_nmbr=336
337,Harmony,79277-27-3,https://iris.epa.gov/ChemicalLanding/&substance_nmbr=337
338,Hexachlorophene,70-30-4,https://iris.epa.gov/ChemicalLanding/&substance_nmbr=338
339,Isoxaben,82558-50-7,https://iris.epa.gov/ChemicalLanding/&substance_nmbr=339
340,Mepiquat chloride,24307-26-4,https://iris.epa.gov/ChemicalLanding/&substance_nmbr=340
341,Methidathion,950-37-8,https://iris.epa.gov/ChemicalLanding/&substance_nmbr=341
342,Systhane,88671-89-0,https://iris.epa.gov/ChemicalLanding/&substance_nmbr=342
343,Resmethrin,10453-86-8,https://iris.epa.gov/ChemicalLanding/&substance_nmbr=343
344,Rotenone,83-79-4,https://iris.epa.gov/ChemicalLanding/&substance_nmbr=344
345,Savey,78587-05-0,https://iris.epa.gov/ChemicalLanding/&substance_nmbr=345
346,Toxaphene,8001-35-2,https://iris.epa.gov/ChemicalLanding/&substance_nmbr=346
347,"p,p'-Dichlorodiphenyl dichloroethane (DDD)",72-54-8,https://iris.epa.gov/ChemicalLanding/&substance_nmbr=347
348,Fomesafen,72178-02-0,https://iris.epa.gov/ChemicalLanding/&substance_nmbr=348
349,Tributyltin oxide (TBTO),56-35-9,https://iris.epa.gov/ChemicalLanding/&substance_nmbr=349
350,Aniline,62-53-3,https://iris.epa.gov/ChemicalLanding/&substance_nmbr=350
351,Azobenzene,103-33-3,https://iris.epa.gov/ChemicalLanding/&substance_nmbr=351
352,Hydrazine/Hydrazine sulfate,302-01-2,https://iris.epa.gov/ChemicalLanding/&substance_nmbr=352
353,Dimethyl phthalate,131-11-3,https://iris.epa.gov/ChemicalLanding/&substance_nmbr=353
354,Acephate,30560-19-1,https://iris.epa.gov/ChemicalLanding/&substance_nmbr=354
355,Benzoic acid,65-85-0,https://iris.epa.gov/ChemicalLanding/&substance_nmbr=355
356,Bisphenol A,80-05-7,https://iris.epa.gov/ChemicalLanding/&substance_nmbr=356
357,Caprolactam,105-60-2,https://iris.epa.gov/ChemicalLanding/&substance_nmbr=357
358,Cyanogen bromide,506-68-3,https://iris.epa.gov/ChemicalLanding/&substance_nmbr=358
359,Methacrylonitrile,126-98-7,https://iris.epa.gov/ChemicalLanding/&substance_nmbr=359
360,Creosote,8001-58-9,https://iris.epa.gov/ChemicalLanding/&substance_nmbr=360
361,"1,2-Dibromoethane",106-93-4,https://iris.epa.gov/ChemicalLanding/&substance_nmbr=361
362,Furmecyclox,60568-05-0,https://iris.epa.gov/ChemicalLanding/&substance_nmbr=362
363,Endrin,72-20-8,https://iris.epa.gov/ChemicalLanding/&substance_nmbr=363
364,Acrolein,107-02-8,https://iris.epa.gov/ChemicalLanding/&substance_nmbr=364
365,Dimethyl sulfate,77-78-1,https://iris.epa.gov/ChemicalLanding/&substance_nmbr=365
366,Merphos,150-50-5,https://iris.epa.gov/ChemicalLanding/&substance_nmbr=366
367,Merphos oxide,78-48-8,https://iris.epa.gov/ChemicalLanding/&substance_nmbr=367
368,Copper,7440-50-8,https://iris.epa.gov/ChemicalLanding/&substance_nmbr=368
369,Methoxychlor,72-43-5,https://iris.epa.gov/ChemicalLanding/&substance_nmbr=369
370,"Mercury, elemental",7439-97-6,https://iris.epa.gov/ChemicalLanding/&substance_nmbr=370
371,Asbestos,1332-21-4,https://iris.epa.gov/ChemicalLanding/&substance_nmbr=371
372,"1,1,2-Trichloropropane",598-77-6,https://iris.epa.gov/ChemicalLanding/&substance_nmbr=372
373,Manganese,7439-96-5,https://iris.epa.gov/ChemicalLanding/&substance_nmbr=373
374,Hexachlorobenzene,118-74-1,https://iris.epa.gov/ChemicalLanding/&substance_nmbr=374
375,Bis(chloromethyl)ether (BCME),542-88-1,https://iris.epa.gov/ChemicalLanding/&substance_nmbr=375
378,Prochloraz,67747-09-5,https://iris.epa.gov/ChemicalLanding/&substance_nmbr=378
379,Express,101200-48-0,https://iris.epa.gov/ChemicalLanding/&substance_nmbr=379
380,Cypermethrin,52315-07-8,https://iris.epa.gov/ChemicalLanding/&substance_nmbr=380
381,Avermectin B1,65195-55-3,https://iris.epa.gov/ChemicalLanding/&substance_nmbr=381
383,Flurprimidol,56425-91-3,https://iris.epa.gov/ChemicalLanding/&substance_nmbr=383
384,Napropamide,15299-99-7,https://iris.epa.gov/ChemicalLanding/&substance_nmbr=384
385,Tralomethrin,66841-25-6,https://iris.epa.gov/ChemicalLanding/&substance_nmbr=385
386,"4,4'-Methylene bis(N,N'-dimethyl)aniline",101-61-1,https://iris.epa.gov/ChemicalLanding/&substance_nmbr=386
387,Allyl chloride,107-05-1,https://iris.epa.gov/ChemicalLanding/&substance_nmbr=387
388,Benzotrichloride,98-07-7,https://iris.epa.gov/ChemicalLanding/&substance_nmbr=388
389,Aroclor 1254,11097-69-1,https://iris.epa.gov/ChemicalLanding/&substance_nmbr=389
393,Benzyl chloride,100-44-7,https://iris.epa.gov/ChemicalLanding/&substance_nmbr=393
394,Flutolanil,66332-96-5,https://iris.epa.gov/ChemicalLanding/&substance_nmbr=394
395,Coke oven emissions,None,https://iris.epa.gov/ChemicalLanding/&substance_nmbr=395
396,Hydrogen chloride,7647-01-0,https://iris.epa.gov/ChemicalLanding/&substance_nmbr=396
397,"2,4-/2,6-Dinitrotoluene mixture",Various,https://iris.epa.gov/ChemicalLanding/&substance_nmbr=397
399,Chlorobenzene,108-90-7,https://iris.epa.gov/ChemicalLanding/&substance_nmbr=399
400,Chlorobenzilate,510-15-6,https://iris.epa.gov/ChemicalLanding/&substance_nmbr=400
402,Nitroguanidine,556-88-7,https://iris.epa.gov/ChemicalLanding/&substance_nmbr=402
403,Propylene oxide,75-56-9,https://iris.epa.gov/ChemicalLanding/&substance_nmbr=403
404,Propylene glycol monomethyl ether (PGME),107-98-2,https://iris.epa.gov/ChemicalLanding/&substance_nmbr=404
405,Chlorine,7782-50-5,https://iris.epa.gov/ChemicalLanding/&substance_nmbr=405
406,Chlorimuron-ethyl,90982-32-4,https://iris.epa.gov/ChemicalLanding/&substance_nmbr=406
407,Bis(2-chloro-1-methylethyl) ether,108-60-1,https://iris.epa.gov/ChemicalLanding/&substance_nmbr=407
408,"1,2-Dichlorobenzene",95-50-1,https://iris.epa.gov/ChemicalLanding/&substance_nmbr=408
409,"1,1-Dichloroethane",75-34-3,https://iris.epa.gov/ChemicalLanding/&substance_nmbr=409
410,Boron and Compounds,7440-42-8,https://iris.epa.gov/ChemicalLanding/&substance_nmbr=410
412,o-Chlorotoluene,95-49-8,https://iris.epa.gov/ChemicalLanding/&substance_nmbr=412
414,"1,2-Dibromo-3-chloropropane (DBCP)",96-12-8,https://iris.epa.gov/ChemicalLanding/&substance_nmbr=414
415,1-Chlorobutane,109-69-3,https://iris.epa.gov/ChemicalLanding/&substance_nmbr=415
416,2-Chlorobutane,78-86-4,https://iris.epa.gov/ChemicalLanding/&substance_nmbr=416
417,t-Butylchloride,507-20-0,https://iris.epa.gov/ChemicalLanding/&substance_nmbr=417
418,"cis-1,2-Dichloroethylene",156-59-2,https://iris.epa.gov/ChemicalLanding/&substance_nmbr=418
419,Formaldehyde,50-00-0,https://iris.epa.gov/ChemicalLanding/&substance_nmbr=419
420,Di(2-ethylhexyl)adipate,103-23-1,https://iris.epa.gov/ChemicalLanding/&substance_nmbr=420
421,"Uranium, soluble salts",Various,https://iris.epa.gov/ChemicalLanding/&substance_nmbr=421
422,Ammonia,7664-41-7,https://iris.epa.gov/ChemicalLanding/&substance_nmbr=422
423,Ethyl ether,60-29-7,https://iris.epa.gov/ChemicalLanding/&substance_nmbr=423
425,Molybdenum,7439-98-7,https://iris.epa.gov/ChemicalLanding/&substance_nmbr=425
426,Zinc and Compounds,7440-66-6,https://iris.epa.gov/ChemicalLanding/&substance_nmbr=426
429,Dibenzofuran,132-64-9,https://iris.epa.gov/ChemicalLanding/&substance_nmbr=429
430,Chlorocyclopentadiene,41851-50-7,https://iris.epa.gov/ChemicalLanding/&substance_nmbr=430
431,Pentachlorocyclopentadiene,25329-35-5,https://iris.epa.gov/ChemicalLanding/&substance_nmbr=431
432,Tetrachlorocyclopentadiene,695-77-2,https://iris.epa.gov/ChemicalLanding/&substance_nmbr=432
433,Trichlorocyclopentadiene,77323-84-3,https://iris.epa.gov/ChemicalLanding/&substance_nmbr=433
434,Anthracene,120-12-7,https://iris.epa.gov/ChemicalLanding/&substance_nmbr=434
435,Fluorene,86-73-7,https://iris.epa.gov/ChemicalLanding/&substance_nmbr=435
436,Naphthalene,91-20-3,https://iris.epa.gov/ChemicalLanding/&substance_nmbr=436
439,Pursuit,81335-77-5,https://iris.epa.gov/ChemicalLanding/&substance_nmbr=439
440,4-Aminopyridine,504-24-5,https://iris.epa.gov/ChemicalLanding/&substance_nmbr=440
441,Methyl acrylate,96-33-3,https://iris.epa.gov/ChemicalLanding/&substance_nmbr=441
442,Acenaphthene,83-32-9,https://iris.epa.gov/ChemicalLanding/&substance_nmbr=442
443,Acenaphthylene,208-96-8,https://iris.epa.gov/ChemicalLanding/&substance_nmbr=443
444,Fluoranthene,206-44-0,https://iris.epa.gov/ChemicalLanding/&substance_nmbr=444
445,Pyrene,129-00-0,https://iris.epa.gov/ChemicalLanding/&substance_nmbr=445
447,"1,3-Dichlorobenzene",541-73-1,https://iris.epa.gov/ChemicalLanding/&substance_nmbr=447
452,Benzo[k]fluoranthene,207-08-9,https://iris.epa.gov/ChemicalLanding/&substance_nmbr=452
453,Benzo[b]fluoranthene,205-99-2,https://iris.epa.gov/ChemicalLanding/&substance_nmbr=453
454,Benz[a]anthracene,56-55-3,https://iris.epa.gov/ChemicalLanding/&substance_nmbr=454
455,Chrysene,218-01-9,https://iris.epa.gov/ChemicalLanding/&substance_nmbr=455
456,"Dibenz[a,h]anthracene",53-70-3,https://iris.epa.gov/ChemicalLanding/&substance_nmbr=456
457,"Indeno[1,2,3-cd]pyrene",193-39-5,https://iris.epa.gov/ChemicalLanding/&substance_nmbr=457
458,Selenium sulfide,7446-34-6,https://iris.epa.gov/ChemicalLanding/&substance_nmbr=458
459,Phenanthrene,85-01-8,https://iris.epa.gov/ChemicalLanding/&substance_nmbr=459
460,White phosphorus,7723-14-0,https://iris.epa.gov/ChemicalLanding/&substance_nmbr=460
461,"Benzo[g,h,i]perylene",191-24-2,https://iris.epa.gov/ChemicalLanding/&substance_nmbr=461
462,Aroclor 1016,12674-11-2,https://iris.epa.gov/ChemicalLanding/&substance_nmbr=462
463,beta-Chloronaphthalene,91-58-7,https://iris.epa.gov/ChemicalLanding/&substance_nmbr=463
464,Crotonaldehyde,123-73-9,https://iris.epa.gov/ChemicalLanding/&substance_nmbr=464
465,"2,3-Dichloropropanol",616-23-9,https://iris.epa.gov/ChemicalLanding/&substance_nmbr=465
466,"2,4-Dimethylphenol",105-67-9,https://iris.epa.gov/ChemicalLanding/&substance_nmbr=466
467,Haloxyfop-methyl,69806-40-2,https://iris.epa.gov/ChemicalLanding/&substance_nmbr=467
468,Propargyl alcohol,107-19-7,https://iris.epa.gov/ChemicalLanding/&substance_nmbr=468
469,Sodium fluoroacetate,62-74-8,https://iris.epa.gov/ChemicalLanding/&substance_nmbr=469
472,Selenium and Compounds,7782-49-2,https://iris.epa.gov/ChemicalLanding/&substance_nmbr=472
473,Aramite,140-57-8,https://iris.epa.gov/ChemicalLanding/&substance_nmbr=473
477,Phenmedipham,13684-63-4,https://iris.epa.gov/ChemicalLanding/&substance_nmbr=477
484,p-Nitrophenol,100-02-7,https://iris.epa.gov/ChemicalLanding/&substance_nmbr=484
486,n-Hexane,110-54-3,https://iris.epa.gov/ChemicalLanding/&substance_nmbr=486
487,Phosgene,75-44-5,https://iris.epa.gov/ChemicalLanding/&substance_nmbr=487
490,p-Bromodiphenyl ether,101-55-3,https://iris.epa.gov/ChemicalLanding/&substance_nmbr=490
491,"p,p'-Dibromodiphenyl ether",2050-47-7,https://iris.epa.gov/ChemicalLanding/&substance_nmbr=491
492,Tribromodiphenyl ether,49690-94-0,https://iris.epa.gov/ChemicalLanding/&substance_nmbr=492
493,Tetrabromodiphenyl ether,40088-47-9,https://iris.epa.gov/ChemicalLanding/&substance_nmbr=493
494,Hexabromodiphenyl ether,36483-60-0,https://iris.epa.gov/ChemicalLanding/&substance_nmbr=494
495,Nonabromodiphenyl ether,63936-56-1,https://iris.epa.gov/ChemicalLanding/&substance_nmbr=495
496,Chlorine dioxide,10049-04-4,https://iris.epa.gov/ChemicalLanding/&substance_nmbr=496
500,Ethylene glycol monobutyl ether (EGBE) (2-Butoxyethanol),111-76-2,https://iris.epa.gov/ChemicalLanding/&substance_nmbr=500
503,"2,4-/2,6-Toluene diisocyanate mixture (TDI)",26471-62-5,https://iris.epa.gov/ChemicalLanding/&substance_nmbr=503
504,"3,3'-Dichlorobenzidine",91-94-1,https://iris.epa.gov/ChemicalLanding/&substance_nmbr=504
508,Hydroquinone,123-31-9,https://iris.epa.gov/ChemicalLanding/&substance_nmbr=508
509,Quinone,106-51-4,https://iris.epa.gov/ChemicalLanding/&substance_nmbr=509
510,Triasulfuron,82097-50-5,https://iris.epa.gov/ChemicalLanding/&substance_nmbr=510
511,"N,N-Dimethylformamide",68-12-2,https://iris.epa.gov/ChemicalLanding/&substance_nmbr=511
512,Vinyl acetate,108-05-4,https://iris.epa.gov/ChemicalLanding/&substance_nmbr=512
513,2-Ethoxyethanol,110-80-5,https://iris.epa.gov/ChemicalLanding/&substance_nmbr=513
514,Brominated dibenzofurans,None,https://iris.epa.gov/ChemicalLanding/&substance_nmbr=514
515,Adiponitrile,111-69-3,https://iris.epa.gov/ChemicalLanding/&substance_nmbr=515
516,Ammonium methacrylate,16325-47-6,https://iris.epa.gov/ChemicalLanding/&substance_nmbr=516
517,Ammonium acetate,631-61-8,https://iris.epa.gov/ChemicalLanding/&substance_nmbr=517
518,Acetyl chloride,75-36-5,https://iris.epa.gov/ChemicalLanding/&substance_nmbr=518
519,2-Nitropropane,79-46-9,https://iris.epa.gov/ChemicalLanding/&substance_nmbr=519
520,Triethylamine,121-44-8,https://iris.epa.gov/ChemicalLanding/&substance_nmbr=520
521,Acetochlor,34256-82-1,https://iris.epa.gov/ChemicalLanding/&substance_nmbr=521
522,Bis(2-chloroethoxy)methane,111-91-1,https://iris.epa.gov/ChemicalLanding/&substance_nmbr=522
523,Ethyl chloride,75-00-3,https://iris.epa.gov/ChemicalLanding/&substance_nmbr=523
524,"2,4-Dinitrotoluene",121-14-2,https://iris.epa.gov/ChemicalLanding/&substance_nmbr=524
525,2-Methoxyethanol,109-86-4,https://iris.epa.gov/ChemicalLanding/&substance_nmbr=525
527,Methyl isocyanate,624-83-9,https://iris.epa.gov/ChemicalLanding/&substance_nmbr=527
528,Ethylene diamine,107-15-3,https://iris.epa.gov/ChemicalLanding/&substance_nmbr=528
529,Methylene Diphenyl Diisocyanate (monomeric MDI) and polymeric MDI (PMDI),101-68-8,https://iris.epa.gov/ChemicalLanding/&substance_nmbr=529
530,Isopropyl methyl phosphonic acid (IMPA),1832-54-8,https://iris.epa.gov/ChemicalLanding/&substance_nmbr=530
531,"1,4-Dithiane",505-29-3,https://iris.epa.gov/ChemicalLanding/&substance_nmbr=531
532,Bromochloromethane,74-97-5,https://iris.epa.gov/ChemicalLanding/&substance_nmbr=532
533,Bromotrichloromethane,75-62-7,https://iris.epa.gov/ChemicalLanding/&substance_nmbr=533
534,Tribromochloromethane,594-15-0,https://iris.epa.gov/ChemicalLanding/&substance_nmbr=534
535,Dibromodichloromethane,594-18-3,https://iris.epa.gov/ChemicalLanding/&substance_nmbr=535
536,"2,4-Diaminotoluene",95-80-7,https://iris.epa.gov/ChemicalLanding/&substance_nmbr=536
537,2-Chloroacetophenone,532-27-4,https://iris.epa.gov/ChemicalLanding/&substance_nmbr=537
538,"3,3-Dimethylbenzidine",119-93-7,https://iris.epa.gov/ChemicalLanding/&substance_nmbr=538
542,beta-Propiolactone,57-57-8,https://iris.epa.gov/ChemicalLanding/&substance_nmbr=542
543,Propylene glycol,57-55-6,https://iris.epa.gov/ChemicalLanding/&substance_nmbr=543
544,Propylene glycol monoethyl ether,52125-53-8,https://iris.epa.gov/ChemicalLanding/&substance_nmbr=544
545,Methyl tert-butyl ether (MTBE),1634-04-4,https://iris.epa.gov/ChemicalLanding/&substance_nmbr=545
550,Strontium,7440-24-6,https://iris.epa.gov/ChemicalLanding/&substance_nmbr=550
552,"1,4-Dichlorobenzene",106-46-7,https://iris.epa.gov/ChemicalLanding/&substance_nmbr=552
587,Cacodylic acid,75-60-5,https://iris.epa.gov/ChemicalLanding/&substance_nmbr=587
601,"1,2-Dichloropropane",78-87-5,https://iris.epa.gov/ChemicalLanding/&substance_nmbr=601
607,n-Heptane,142-82-5,https://iris.epa.gov/ChemicalLanding/&substance_nmbr=607
610,ortho-Anisidine,90-04-0,https://iris.epa.gov/ChemicalLanding/&substance_nmbr=610
613,Diethyl-p-nitrophenylphosphate,311-45-5,https://iris.epa.gov/ChemicalLanding/&substance_nmbr=613
614,"2,2,4-Trimethylpentane",540-84-1,https://iris.epa.gov/ChemicalLanding/&substance_nmbr=614
615,Diethyl sulfate,64-67-5,https://iris.epa.gov/ChemicalLanding/&substance_nmbr=615
616,Diazomethane,334-88-3,https://iris.epa.gov/ChemicalLanding/&substance_nmbr=616
617,Carbonyl sulfide,463-58-1,https://iris.epa.gov/ChemicalLanding/&substance_nmbr=617
621,Propyleneimine,75-55-8,https://iris.epa.gov/ChemicalLanding/&substance_nmbr=621
623,p-Chlorophenyl methyl sulfide,123-09-1,https://iris.epa.gov/ChemicalLanding/&substance_nmbr=623
624,p-Chlorophenyl methyl sulfone,98-57-7,https://iris.epa.gov/ChemicalLanding/&substance_nmbr=624
625,p-Chlorophenyl methyl sulfoxide,934-73-6,https://iris.epa.gov/ChemicalLanding/&substance_nmbr=625
629,Ethyl carbamate,51-79-6,https://iris.epa.gov/ChemicalLanding/&substance_nmbr=629
630,"1,2-Epoxybutane (EBU)",106-88-7,https://iris.epa.gov/ChemicalLanding/&substance_nmbr=630
631,Ethyleneimine,151-56-4,https://iris.epa.gov/ChemicalLanding/&substance_nmbr=631
633,o-Dinitrobenzene,528-29-0,https://iris.epa.gov/ChemicalLanding/&substance_nmbr=633
638,"1,6-Hexamethylene diisocyanate",822-06-0,https://iris.epa.gov/ChemicalLanding/&substance_nmbr=638
639,Triethylene glycol monobutyl ether,143-22-6,https://iris.epa.gov/ChemicalLanding/&substance_nmbr=639
640,Triethylene glycol monoethyl ether,112-50-5,https://iris.epa.gov/ChemicalLanding/&substance_nmbr=640
642,Diesel engine exhaust,None,https://iris.epa.gov/ChemicalLanding/&substance_nmbr=642
643,Diethylene glycol dinitrate (DEGDN),693-21-0,https://iris.epa.gov/ChemicalLanding/&substance_nmbr=643
644,Monochloramine,10599-90-3,https://iris.epa.gov/ChemicalLanding/&substance_nmbr=644
647,Refractory ceramic fibers,None,https://iris.epa.gov/ChemicalLanding/&substance_nmbr=647
648,Chlorite (sodium salt),7758-19-2,https://iris.epa.gov/ChemicalLanding/&substance_nmbr=648
649,Aroclor 1248,12672-29-6,https://iris.epa.gov/ChemicalLanding/&substance_nmbr=649
650,Methyl iodide,74-88-4,https://iris.epa.gov/ChemicalLanding/&substance_nmbr=650
654,Dichloroacetic acid,79-43-6,https://iris.epa.gov/ChemicalLanding/&substance_nmbr=654
655,Trichloroacetic acid,76-03-9,https://iris.epa.gov/ChemicalLanding/&substance_nmbr=655
656,"1,1,1,2-Tetrafluoroethane",811-97-2,https://iris.epa.gov/ChemicalLanding/&substance_nmbr=656
657,Chlorodifluoromethane,75-45-6,https://iris.epa.gov/ChemicalLanding/&substance_nmbr=657
661,"1-Chloro-1,1-difluoroethane",75-68-3,https://iris.epa.gov/ChemicalLanding/&substance_nmbr=661
665,"1,1-Difluoroethane",75-37-6,https://iris.epa.gov/ChemicalLanding/&substance_nmbr=665
671,Vinyl bromide,593-60-2,https://iris.epa.gov/ChemicalLanding/&substance_nmbr=671
672,Arsine,7784-42-1,https://iris.epa.gov/ChemicalLanding/&substance_nmbr=672
676,Antimony trioxide,1309-64-4,https://iris.epa.gov/ChemicalLanding/&substance_nmbr=676
682,d-Limonene,5989-27-5,https://iris.epa.gov/ChemicalLanding/&substance_nmbr=682
683,Pentafluoroethane,354-33-6,https://iris.epa.gov/ChemicalLanding/&substance_nmbr=683
692,Mercuric chloride (HgCl2),7487-94-7,https://iris.epa.gov/ChemicalLanding/&substance_nmbr=692
697,Phosphoric acid,7664-38-2,https://iris.epa.gov/ChemicalLanding/&substance_nmbr=697
701,Perfluorobutanoic Acid (PFBA),375-22-4,https://iris.epa.gov/ChemicalLanding/&substance_nmbr=701
702,Perfluorodecanoic Acid (PFDA),335-76-2,https://iris.epa.gov/ChemicalLanding/&substance_nmbr=702
704,Perfluorohexanoic Acid (PFHxA),307-24-4,https://iris.epa.gov/ChemicalLanding/&substance_nmbr=704
705,Perfluorohexanesulfonic Acid (PFHxS),355-46-4,https://iris.epa.gov/ChemicalLanding/&substance_nmbr=705
708,Cobalt and Cobalt Compounds,1307-96-6,https://iris.epa.gov/ChemicalLanding/&substance_nmbr=708
1000,Methyl methacrylate,80-62-6,https://iris.epa.gov/ChemicalLanding/&substance_nmbr=1000
1001,Vinyl chloride,75-01-4,https://iris.epa.gov/ChemicalLanding/&substance_nmbr=1001
1002,Bromate,15541-45-4,https://iris.epa.gov/ChemicalLanding/&substance_nmbr=1002
1003,Methyl chloride,74-87-3,https://iris.epa.gov/ChemicalLanding/&substance_nmbr=1003
1004,Quinoline,91-22-5,https://iris.epa.gov/ChemicalLanding/&substance_nmbr=1004
1005,Cyclohexane,110-82-7,https://iris.epa.gov/ChemicalLanding/&substance_nmbr=1005
1006,2-Methylnaphthalene,91-57-6,https://iris.epa.gov/ChemicalLanding/&substance_nmbr=1006
1007,Perchlorate (ClO4) and Perchlorate Salts,7790-98-9,https://iris.epa.gov/ChemicalLanding/&substance_nmbr=1007
1008,"2,2',4,4',5-Pentabromodiphenyl ether (BDE-99)",60348-60-9,https://iris.epa.gov/ChemicalLanding/&substance_nmbr=1008
1009,"2,2',4,4',5,5'-Hexabromodiphenyl ether (BDE-153)",68631-49-2,https://iris.epa.gov/ChemicalLanding/&substance_nmbr=1009
1010,"2,2',4,4'-Tetrabromodiphenyl ether (BDE-47)",5436-43-1,https://iris.epa.gov/ChemicalLanding/&substance_nmbr=1010
1011,Propionaldehyde,123-38-6,https://iris.epa.gov/ChemicalLanding/&substance_nmbr=1011
1012,"Thallium (I), soluble salts",Various,https://iris.epa.gov/ChemicalLanding/&substance_nmbr=1012
1017,Chlordecone (Kepone),143-50-0,https://iris.epa.gov/ChemicalLanding/&substance_nmbr=1017
1018,Cerium Oxide and Cerium Compounds,1306-38-3,https://iris.epa.gov/ChemicalLanding/&substance_nmbr=1018
1019,2-Hexanone,591-78-6,https://iris.epa.gov/ChemicalLanding/&substance_nmbr=1019
1020,Bromobenzene,108-86-1,https://iris.epa.gov/ChemicalLanding/&substance_nmbr=1020
1021,Chloroprene,126-99-8,https://iris.epa.gov/ChemicalLanding/&substance_nmbr=1021
1022,Urea,57-13-6,https://iris.epa.gov/ChemicalLanding/&substance_nmbr=1022
1023,Tetrahydrofuran,109-99-9,https://iris.epa.gov/ChemicalLanding/&substance_nmbr=1023
1024,"2,3,7,8-Tetrachlorodibenzo-p-dioxin",1746-01-6,https://iris.epa.gov/ChemicalLanding/&substance_nmbr=1024
1025,Ethylene oxide,75-21-8,https://iris.epa.gov/ChemicalLanding/&substance_nmbr=1025
1026,Libby Amphibole Asbestos,1318-09-8,https://iris.epa.gov/ChemicalLanding/&substance_nmbr=1026
1030,Diisobutyl phthalate (DIBP),84-69-5,https://iris.epa.gov/ChemicalLanding/&substance_nmbr=1030
1031,Diisononyl phthalate (DINP),28553-12-0,https://iris.epa.gov/ChemicalLanding/&substance_nmbr=1031
1033,Polycyclic aromatic hydrocarbon (PAH) mixtures,Various,https://iris.epa.gov/ChemicalLanding/&substance_nmbr=1033
1034,Ethyl Tertiary Butyl Ether (ETBE),637-92-3,https://iris.epa.gov/ChemicalLanding/&substance_nmbr=1034
1035,Hexabromocyclododecane (HBCD),3194-55-6,https://iris.epa.gov/ChemicalLanding/&substance_nmbr=1035
1036,tert-Butyl Alcohol (tBA),75-65-0,https://iris.epa.gov/ChemicalLanding/&substance_nmbr=1036
1037,"1,2,4-Trimethylbenzene",95-63-6,https://iris.epa.gov/ChemicalLanding/&substance_nmbr=1037
1038,"1,3,5-Trimethylbenzene",108-67-8,https://iris.epa.gov/ChemicalLanding/&substance_nmbr=1038
1039,"1,2,3-Trimethylbenzene",526-73-8,https://iris.epa.gov/ChemicalLanding/&substance_nmbr=1039
